2025-12-15 22:31:49,344 - pathfiender.auth_service - ERROR - Пользователь с почтой string уже создан
2025-12-15 22:34:25,674 - pathfiender.main - INFO - Application shutdown
2025-12-15 22:34:26,864 - pathfiender.main - INFO - Auth Router Include
2025-12-15 22:34:26,866 - pathfiender.main - INFO - User Router Include
2025-12-15 22:34:26,867 - pathfiender.main - INFO - Shop Router Include
2025-12-15 22:34:26,869 - pathfiender.main - INFO - Products Router Include
2025-12-15 22:34:26,872 - pathfiender.main - INFO - Category Router Include
2025-12-15 22:34:26,905 - pathfiender.main - INFO - Auth Router Include
2025-12-15 22:34:26,907 - pathfiender.main - INFO - User Router Include
2025-12-15 22:34:26,908 - pathfiender.main - INFO - Shop Router Include
2025-12-15 22:34:26,910 - pathfiender.main - INFO - Products Router Include
2025-12-15 22:34:26,913 - pathfiender.main - INFO - Category Router Include
2025-12-15 22:34:26,914 - pathfiender.main - INFO - Application startup complete
2025-12-15 22:35:38,516 - pathfiender.main - INFO - Application shutdown
2025-12-15 22:35:39,741 - pathfiender.main - INFO - Auth Router Include
2025-12-15 22:35:39,744 - pathfiender.main - INFO - User Router Include
2025-12-15 22:35:39,745 - pathfiender.main - INFO - Shop Router Include
2025-12-15 22:35:39,748 - pathfiender.main - INFO - Products Router Include
2025-12-15 22:35:39,752 - pathfiender.main - INFO - Category Router Include
2025-12-15 22:35:39,787 - pathfiender.main - INFO - Auth Router Include
2025-12-15 22:35:39,789 - pathfiender.main - INFO - User Router Include
2025-12-15 22:35:39,790 - pathfiender.main - INFO - Shop Router Include
2025-12-15 22:35:39,793 - pathfiender.main - INFO - Products Router Include
2025-12-15 22:35:39,797 - pathfiender.main - INFO - Category Router Include
2025-12-15 22:35:39,798 - pathfiender.main - INFO - Application startup complete
2025-12-15 22:35:56,488 - pathfiender.main - INFO - Application shutdown
2025-12-15 22:35:57,747 - pathfiender.main - INFO - Auth Router Include
2025-12-15 22:35:57,749 - pathfiender.main - INFO - User Router Include
2025-12-15 22:35:57,750 - pathfiender.main - INFO - Shop Router Include
2025-12-15 22:35:57,752 - pathfiender.main - INFO - Products Router Include
2025-12-15 22:35:57,755 - pathfiender.main - INFO - Category Router Include
2025-12-15 22:35:57,791 - pathfiender.main - INFO - Auth Router Include
2025-12-15 22:35:57,793 - pathfiender.main - INFO - User Router Include
2025-12-15 22:35:57,795 - pathfiender.main - INFO - Shop Router Include
2025-12-15 22:35:57,797 - pathfiender.main - INFO - Products Router Include
2025-12-15 22:35:57,800 - pathfiender.main - INFO - Category Router Include
2025-12-15 22:35:57,801 - pathfiender.main - INFO - Application startup complete
2025-12-15 22:37:06,100 - pathfiender.main - INFO - Application shutdown
2025-12-15 22:37:07,304 - pathfiender.main - INFO - Auth Router Include
2025-12-15 22:37:07,306 - pathfiender.main - INFO - User Router Include
2025-12-15 22:37:07,307 - pathfiender.main - INFO - Shop Router Include
2025-12-15 22:37:07,310 - pathfiender.main - INFO - Products Router Include
2025-12-15 22:37:07,313 - pathfiender.main - INFO - Category Router Include
2025-12-15 22:37:07,346 - pathfiender.main - INFO - Auth Router Include
2025-12-15 22:37:07,348 - pathfiender.main - INFO - User Router Include
2025-12-15 22:37:07,349 - pathfiender.main - INFO - Shop Router Include
2025-12-15 22:37:07,351 - pathfiender.main - INFO - Products Router Include
2025-12-15 22:37:07,354 - pathfiender.main - INFO - Category Router Include
2025-12-15 22:37:07,354 - pathfiender.main - INFO - Application startup complete
2025-12-15 22:37:14,626 - pathfiender.main - INFO - Application shutdown
2025-12-15 22:37:15,838 - pathfiender.main - INFO - Auth Router Include
2025-12-15 22:37:15,841 - pathfiender.main - INFO - User Router Include
2025-12-15 22:37:15,841 - pathfiender.main - INFO - Shop Router Include
2025-12-15 22:37:15,844 - pathfiender.main - INFO - Products Router Include
2025-12-15 22:37:15,847 - pathfiender.main - INFO - Category Router Include
2025-12-15 22:37:15,880 - pathfiender.main - INFO - Auth Router Include
2025-12-15 22:37:15,882 - pathfiender.main - INFO - User Router Include
2025-12-15 22:37:15,882 - pathfiender.main - INFO - Shop Router Include
2025-12-15 22:37:15,885 - pathfiender.main - INFO - Products Router Include
2025-12-15 22:37:15,887 - pathfiender.main - INFO - Category Router Include
2025-12-15 22:37:15,888 - pathfiender.main - INFO - Application startup complete
2025-12-15 22:37:25,761 - pathfiender.main - INFO - Application shutdown
2025-12-15 22:37:26,986 - pathfiender.main - INFO - Auth Router Include
2025-12-15 22:37:26,988 - pathfiender.main - INFO - User Router Include
2025-12-15 22:37:26,989 - pathfiender.main - INFO - Shop Router Include
2025-12-15 22:37:26,991 - pathfiender.main - INFO - Products Router Include
2025-12-15 22:37:26,994 - pathfiender.main - INFO - Category Router Include
2025-12-15 22:37:27,029 - pathfiender.main - INFO - Auth Router Include
2025-12-15 22:37:27,032 - pathfiender.main - INFO - User Router Include
2025-12-15 22:37:27,032 - pathfiender.main - INFO - Shop Router Include
2025-12-15 22:37:27,034 - pathfiender.main - INFO - Products Router Include
2025-12-15 22:37:27,037 - pathfiender.main - INFO - Category Router Include
2025-12-15 22:37:27,039 - pathfiender.main - INFO - Application startup complete
2025-12-15 22:37:35,295 - pathfiender.main - INFO - Application shutdown
2025-12-15 22:37:36,587 - pathfiender.main - INFO - Auth Router Include
2025-12-15 22:37:36,589 - pathfiender.main - INFO - User Router Include
2025-12-15 22:37:36,590 - pathfiender.main - INFO - Shop Router Include
2025-12-15 22:37:36,593 - pathfiender.main - INFO - Products Router Include
2025-12-15 22:37:36,597 - pathfiender.main - INFO - Category Router Include
2025-12-15 22:37:36,638 - pathfiender.main - INFO - Auth Router Include
2025-12-15 22:37:36,641 - pathfiender.main - INFO - User Router Include
2025-12-15 22:37:36,641 - pathfiender.main - INFO - Shop Router Include
2025-12-15 22:37:36,645 - pathfiender.main - INFO - Products Router Include
2025-12-15 22:37:36,650 - pathfiender.main - INFO - Category Router Include
2025-12-15 22:37:36,651 - pathfiender.main - INFO - Application startup complete
2025-12-15 22:38:16,565 - pathfiender.main - INFO - Application shutdown
2025-12-15 22:38:17,744 - pathfiender.main - INFO - Auth Router Include
2025-12-15 22:38:17,745 - pathfiender.main - INFO - User Router Include
2025-12-15 22:38:17,746 - pathfiender.main - INFO - Shop Router Include
2025-12-15 22:38:17,749 - pathfiender.main - INFO - Products Router Include
2025-12-15 22:38:17,752 - pathfiender.main - INFO - Category Router Include
2025-12-15 22:38:17,783 - pathfiender.main - INFO - Auth Router Include
2025-12-15 22:38:17,785 - pathfiender.main - INFO - User Router Include
2025-12-15 22:38:17,785 - pathfiender.main - INFO - Shop Router Include
2025-12-15 22:38:17,787 - pathfiender.main - INFO - Products Router Include
2025-12-15 22:38:17,790 - pathfiender.main - INFO - Category Router Include
2025-12-15 22:38:17,791 - pathfiender.main - INFO - Application startup complete
2025-12-15 22:38:18,771 - pathfiender.main - INFO - Application shutdown
2025-12-15 22:38:20,017 - pathfiender.main - INFO - Auth Router Include
2025-12-15 22:38:20,019 - pathfiender.main - INFO - User Router Include
2025-12-15 22:38:20,020 - pathfiender.main - INFO - Shop Router Include
2025-12-15 22:38:20,022 - pathfiender.main - INFO - Products Router Include
2025-12-15 22:38:20,025 - pathfiender.main - INFO - Category Router Include
2025-12-15 22:38:20,060 - pathfiender.main - INFO - Auth Router Include
2025-12-15 22:38:20,062 - pathfiender.main - INFO - User Router Include
2025-12-15 22:38:20,063 - pathfiender.main - INFO - Shop Router Include
2025-12-15 22:38:20,065 - pathfiender.main - INFO - Products Router Include
2025-12-15 22:38:20,067 - pathfiender.main - INFO - Category Router Include
2025-12-15 22:38:20,069 - pathfiender.main - INFO - Application startup complete
2025-12-15 22:38:22,247 - pathfiender.main - INFO - Application shutdown
2025-12-15 22:38:23,484 - pathfiender.main - INFO - Auth Router Include
2025-12-15 22:38:23,486 - pathfiender.main - INFO - User Router Include
2025-12-15 22:38:23,487 - pathfiender.main - INFO - Shop Router Include
2025-12-15 22:38:23,490 - pathfiender.main - INFO - Products Router Include
2025-12-15 22:38:23,492 - pathfiender.main - INFO - Category Router Include
2025-12-15 22:38:23,526 - pathfiender.main - INFO - Auth Router Include
2025-12-15 22:38:23,528 - pathfiender.main - INFO - User Router Include
2025-12-15 22:38:23,529 - pathfiender.main - INFO - Shop Router Include
2025-12-15 22:38:23,531 - pathfiender.main - INFO - Products Router Include
2025-12-15 22:38:23,534 - pathfiender.main - INFO - Category Router Include
2025-12-15 22:38:23,535 - pathfiender.main - INFO - Application startup complete
2025-12-15 22:45:57,878 - pathfiender.main - INFO - Application shutdown
2025-12-15 22:45:59,128 - pathfiender.main - INFO - Auth Router Include
2025-12-15 22:45:59,131 - pathfiender.main - INFO - User Router Include
2025-12-15 22:45:59,131 - pathfiender.main - INFO - Shop Router Include
2025-12-15 22:45:59,133 - pathfiender.main - INFO - Products Router Include
2025-12-15 22:45:59,136 - pathfiender.main - INFO - Category Router Include
2025-12-15 22:45:59,169 - pathfiender.main - INFO - Auth Router Include
2025-12-15 22:45:59,170 - pathfiender.main - INFO - User Router Include
2025-12-15 22:45:59,171 - pathfiender.main - INFO - Shop Router Include
2025-12-15 22:45:59,173 - pathfiender.main - INFO - Products Router Include
2025-12-15 22:45:59,176 - pathfiender.main - INFO - Category Router Include
2025-12-15 22:45:59,177 - pathfiender.main - INFO - Application startup complete
2025-12-15 22:46:16,093 - pathfiender.main - INFO - Application shutdown
2025-12-15 22:46:17,290 - pathfiender.main - INFO - Auth Router Include
2025-12-15 22:46:17,293 - pathfiender.main - INFO - User Router Include
2025-12-15 22:46:17,301 - pathfiender.main - INFO - Shop Router Include
2025-12-15 22:46:17,306 - pathfiender.main - INFO - Products Router Include
2025-12-15 22:46:17,312 - pathfiender.main - INFO - Category Router Include
2025-12-15 22:46:17,367 - pathfiender.main - INFO - Auth Router Include
2025-12-15 22:46:17,373 - pathfiender.main - INFO - User Router Include
2025-12-15 22:46:17,374 - pathfiender.main - INFO - Shop Router Include
2025-12-15 22:46:17,378 - pathfiender.main - INFO - Products Router Include
2025-12-15 22:46:17,384 - pathfiender.main - INFO - Category Router Include
2025-12-15 22:46:17,386 - pathfiender.main - INFO - Application startup complete
2025-12-15 22:46:18,577 - pathfiender.main - INFO - Application shutdown
2025-12-15 22:46:19,778 - pathfiender.main - INFO - Auth Router Include
2025-12-15 22:46:19,781 - pathfiender.main - INFO - User Router Include
2025-12-15 22:46:19,781 - pathfiender.main - INFO - Shop Router Include
2025-12-15 22:46:19,784 - pathfiender.main - INFO - Products Router Include
2025-12-15 22:46:19,787 - pathfiender.main - INFO - Category Router Include
2025-12-15 22:46:19,820 - pathfiender.main - INFO - Auth Router Include
2025-12-15 22:46:19,822 - pathfiender.main - INFO - User Router Include
2025-12-15 22:46:19,823 - pathfiender.main - INFO - Shop Router Include
2025-12-15 22:46:19,825 - pathfiender.main - INFO - Products Router Include
2025-12-15 22:46:19,827 - pathfiender.main - INFO - Category Router Include
2025-12-15 22:46:19,829 - pathfiender.main - INFO - Application startup complete
2025-12-15 22:50:27,619 - pathfiender.main - INFO - Application shutdown
2025-12-15 22:50:28,774 - pathfiender.main - INFO - Auth Router Include
2025-12-15 22:50:28,776 - pathfiender.main - INFO - User Router Include
2025-12-15 22:50:28,777 - pathfiender.main - INFO - Shop Router Include
2025-12-15 22:50:28,780 - pathfiender.main - INFO - Products Router Include
2025-12-15 22:50:28,783 - pathfiender.main - INFO - Category Router Include
2025-12-15 22:50:28,815 - pathfiender.main - INFO - Auth Router Include
2025-12-15 22:50:28,817 - pathfiender.main - INFO - User Router Include
2025-12-15 22:50:28,817 - pathfiender.main - INFO - Shop Router Include
2025-12-15 22:50:28,819 - pathfiender.main - INFO - Products Router Include
2025-12-15 22:50:28,822 - pathfiender.main - INFO - Category Router Include
2025-12-15 22:50:28,823 - pathfiender.main - INFO - Application startup complete
2025-12-15 23:01:16,256 - pathfiender.main - INFO - Application shutdown
2025-12-15 23:01:17,522 - pathfiender.main - INFO - Auth Router Include
2025-12-15 23:01:17,525 - pathfiender.main - INFO - User Router Include
2025-12-15 23:01:17,526 - pathfiender.main - INFO - Shop Router Include
2025-12-15 23:01:17,530 - pathfiender.main - INFO - Products Router Include
2025-12-15 23:01:17,533 - pathfiender.main - INFO - Category Router Include
2025-12-15 23:01:17,574 - pathfiender.main - INFO - Auth Router Include
2025-12-15 23:01:17,577 - pathfiender.main - INFO - User Router Include
2025-12-15 23:01:17,577 - pathfiender.main - INFO - Shop Router Include
2025-12-15 23:01:17,579 - pathfiender.main - INFO - Products Router Include
2025-12-15 23:01:17,582 - pathfiender.main - INFO - Category Router Include
2025-12-15 23:01:17,583 - pathfiender.main - INFO - Application startup complete
2025-12-15 23:01:18,778 - pathfiender.main - INFO - Application shutdown
2025-12-15 23:01:20,062 - pathfiender.main - INFO - Auth Router Include
2025-12-15 23:01:20,064 - pathfiender.main - INFO - User Router Include
2025-12-15 23:01:20,065 - pathfiender.main - INFO - Shop Router Include
2025-12-15 23:01:20,069 - pathfiender.main - INFO - Products Router Include
2025-12-15 23:01:20,072 - pathfiender.main - INFO - Category Router Include
2025-12-15 23:01:20,109 - pathfiender.main - INFO - Auth Router Include
2025-12-15 23:01:20,112 - pathfiender.main - INFO - User Router Include
2025-12-15 23:01:20,112 - pathfiender.main - INFO - Shop Router Include
2025-12-15 23:01:20,115 - pathfiender.main - INFO - Products Router Include
2025-12-15 23:01:20,118 - pathfiender.main - INFO - Category Router Include
2025-12-15 23:01:20,120 - pathfiender.main - INFO - Application startup complete
2025-12-15 23:02:07,607 - pathfiender.main - INFO - Application shutdown
2025-12-15 23:02:08,877 - pathfiender.main - INFO - Auth Router Include
2025-12-15 23:02:08,879 - pathfiender.main - INFO - User Router Include
2025-12-15 23:02:08,880 - pathfiender.main - INFO - Shop Router Include
2025-12-15 23:02:08,882 - pathfiender.main - INFO - Products Router Include
2025-12-15 23:02:08,885 - pathfiender.main - INFO - Category Router Include
2025-12-15 23:02:08,916 - pathfiender.main - INFO - Auth Router Include
2025-12-15 23:02:08,917 - pathfiender.main - INFO - User Router Include
2025-12-15 23:02:08,918 - pathfiender.main - INFO - Shop Router Include
2025-12-15 23:02:08,921 - pathfiender.main - INFO - Products Router Include
2025-12-15 23:02:08,924 - pathfiender.main - INFO - Category Router Include
2025-12-15 23:02:08,925 - pathfiender.main - INFO - Application startup complete
2025-12-15 23:02:15,674 - pathfiender.main - INFO - Application shutdown
2025-12-15 23:02:16,871 - pathfiender.main - INFO - Auth Router Include
2025-12-15 23:02:16,873 - pathfiender.main - INFO - User Router Include
2025-12-15 23:02:16,874 - pathfiender.main - INFO - Shop Router Include
2025-12-15 23:02:16,876 - pathfiender.main - INFO - Products Router Include
2025-12-15 23:02:16,879 - pathfiender.main - INFO - Category Router Include
2025-12-15 23:02:16,916 - pathfiender.main - INFO - Auth Router Include
2025-12-15 23:02:16,918 - pathfiender.main - INFO - User Router Include
2025-12-15 23:02:16,919 - pathfiender.main - INFO - Shop Router Include
2025-12-15 23:02:16,922 - pathfiender.main - INFO - Products Router Include
2025-12-15 23:02:16,924 - pathfiender.main - INFO - Category Router Include
2025-12-15 23:02:16,926 - pathfiender.main - INFO - Application startup complete
2025-12-15 23:03:30,559 - pathfiender.main - INFO - Application shutdown
2025-12-15 23:03:34,992 - pathfiender.main - INFO - Auth Router Include
2025-12-15 23:03:34,993 - pathfiender.main - INFO - User Router Include
2025-12-15 23:03:34,994 - pathfiender.main - INFO - Shop Router Include
2025-12-15 23:03:34,996 - pathfiender.main - INFO - Products Router Include
2025-12-15 23:03:34,999 - pathfiender.main - INFO - Category Router Include
2025-12-15 23:03:35,036 - pathfiender.main - INFO - Auth Router Include
2025-12-15 23:03:35,039 - pathfiender.main - INFO - User Router Include
2025-12-15 23:03:35,040 - pathfiender.main - INFO - Shop Router Include
2025-12-15 23:03:35,042 - pathfiender.main - INFO - Products Router Include
2025-12-15 23:03:35,044 - pathfiender.main - INFO - Category Router Include
2025-12-15 23:03:35,046 - pathfiender.main - INFO - Application startup complete
2025-12-15 23:03:39,601 - pathfiender.main - INFO - Application shutdown
2025-12-15 23:03:40,868 - pathfiender.main - INFO - Auth Router Include
2025-12-15 23:03:40,870 - pathfiender.main - INFO - User Router Include
2025-12-15 23:03:40,871 - pathfiender.main - INFO - Shop Router Include
2025-12-15 23:03:40,873 - pathfiender.main - INFO - Products Router Include
2025-12-15 23:03:40,875 - pathfiender.main - INFO - Category Router Include
2025-12-15 23:03:40,908 - pathfiender.main - INFO - Auth Router Include
2025-12-15 23:03:40,910 - pathfiender.main - INFO - User Router Include
2025-12-15 23:03:40,911 - pathfiender.main - INFO - Shop Router Include
2025-12-15 23:03:40,914 - pathfiender.main - INFO - Products Router Include
2025-12-15 23:03:40,917 - pathfiender.main - INFO - Category Router Include
2025-12-15 23:03:40,918 - pathfiender.main - INFO - Application startup complete
2025-12-15 23:05:05,726 - pathfiender.main - INFO - Application shutdown
2025-12-15 23:05:07,060 - pathfiender.main - INFO - Auth Router Include
2025-12-15 23:05:07,062 - pathfiender.main - INFO - User Router Include
2025-12-15 23:05:07,063 - pathfiender.main - INFO - Shop Router Include
2025-12-15 23:05:07,066 - pathfiender.main - INFO - Products Router Include
2025-12-15 23:05:07,068 - pathfiender.main - INFO - Category Router Include
2025-12-15 23:05:07,106 - pathfiender.main - INFO - Auth Router Include
2025-12-15 23:05:07,108 - pathfiender.main - INFO - User Router Include
2025-12-15 23:05:07,109 - pathfiender.main - INFO - Shop Router Include
2025-12-15 23:05:07,112 - pathfiender.main - INFO - Products Router Include
2025-12-15 23:05:07,115 - pathfiender.main - INFO - Category Router Include
2025-12-15 23:05:07,116 - pathfiender.main - INFO - Application startup complete
2025-12-15 23:07:46,845 - pathfiender.main - INFO - Application shutdown
2025-12-15 23:07:48,185 - pathfiender.main - INFO - Auth Router Include
2025-12-15 23:07:48,187 - pathfiender.main - INFO - User Router Include
2025-12-15 23:07:48,187 - pathfiender.main - INFO - Shop Router Include
2025-12-15 23:07:48,189 - pathfiender.main - INFO - Products Router Include
2025-12-15 23:07:48,192 - pathfiender.main - INFO - Category Router Include
2025-12-15 23:07:48,226 - pathfiender.main - INFO - Auth Router Include
2025-12-15 23:07:48,228 - pathfiender.main - INFO - User Router Include
2025-12-15 23:07:48,228 - pathfiender.main - INFO - Shop Router Include
2025-12-15 23:07:48,230 - pathfiender.main - INFO - Products Router Include
2025-12-15 23:07:48,233 - pathfiender.main - INFO - Category Router Include
2025-12-15 23:07:48,235 - pathfiender.main - INFO - Application startup complete
2025-12-15 23:10:05,625 - pathfiender.main - INFO - Application shutdown
2025-12-15 23:10:06,893 - pathfiender.main - INFO - Auth Router Include
2025-12-15 23:10:06,896 - pathfiender.main - INFO - User Router Include
2025-12-15 23:10:06,897 - pathfiender.main - INFO - Shop Router Include
2025-12-15 23:10:06,900 - pathfiender.main - INFO - Products Router Include
2025-12-15 23:10:06,903 - pathfiender.main - INFO - Category Router Include
2025-12-15 23:10:06,944 - pathfiender.main - INFO - Auth Router Include
2025-12-15 23:10:06,945 - pathfiender.main - INFO - User Router Include
2025-12-15 23:10:06,946 - pathfiender.main - INFO - Shop Router Include
2025-12-15 23:10:06,948 - pathfiender.main - INFO - Products Router Include
2025-12-15 23:10:06,951 - pathfiender.main - INFO - Category Router Include
2025-12-15 23:10:06,952 - pathfiender.main - INFO - Application startup complete
2025-12-15 23:10:59,262 - pathfiender.main - INFO - Application shutdown
2025-12-15 23:11:00,516 - pathfiender.main - INFO - Auth Router Include
2025-12-15 23:11:00,518 - pathfiender.main - INFO - User Router Include
2025-12-15 23:11:00,519 - pathfiender.main - INFO - Shop Router Include
2025-12-15 23:11:00,522 - pathfiender.main - INFO - Products Router Include
2025-12-15 23:11:00,525 - pathfiender.main - INFO - Category Router Include
2025-12-15 23:11:00,558 - pathfiender.main - INFO - Auth Router Include
2025-12-15 23:11:00,561 - pathfiender.main - INFO - User Router Include
2025-12-15 23:11:00,561 - pathfiender.main - INFO - Shop Router Include
2025-12-15 23:11:00,564 - pathfiender.main - INFO - Products Router Include
2025-12-15 23:11:00,567 - pathfiender.main - INFO - Category Router Include
2025-12-15 23:11:00,568 - pathfiender.main - INFO - Application startup complete
2025-12-15 23:11:38,915 - pathfiender.main - INFO - Application shutdown
2025-12-15 23:11:40,141 - pathfiender.main - INFO - Auth Router Include
2025-12-15 23:11:40,143 - pathfiender.main - INFO - User Router Include
2025-12-15 23:11:40,143 - pathfiender.main - INFO - Shop Router Include
2025-12-15 23:11:40,147 - pathfiender.main - INFO - Products Router Include
2025-12-15 23:11:40,150 - pathfiender.main - INFO - Category Router Include
2025-12-15 23:11:40,185 - pathfiender.main - INFO - Auth Router Include
2025-12-15 23:11:40,187 - pathfiender.main - INFO - User Router Include
2025-12-15 23:11:40,187 - pathfiender.main - INFO - Shop Router Include
2025-12-15 23:11:40,190 - pathfiender.main - INFO - Products Router Include
2025-12-15 23:11:40,192 - pathfiender.main - INFO - Category Router Include
2025-12-15 23:11:40,193 - pathfiender.main - INFO - Application startup complete
2025-12-15 23:13:17,779 - pathfiender.main - INFO - Application shutdown
2025-12-15 23:15:52,427 - pathfiender.main - INFO - Auth Router Include
2025-12-15 23:15:52,429 - pathfiender.main - INFO - User Router Include
2025-12-15 23:15:52,430 - pathfiender.main - INFO - Shop Router Include
2025-12-15 23:15:52,433 - pathfiender.main - INFO - Products Router Include
2025-12-15 23:15:52,436 - pathfiender.main - INFO - Category Router Include
2025-12-15 23:15:52,472 - pathfiender.main - INFO - Auth Router Include
2025-12-15 23:15:52,475 - pathfiender.main - INFO - User Router Include
2025-12-15 23:15:52,475 - pathfiender.main - INFO - Shop Router Include
2025-12-15 23:15:52,479 - pathfiender.main - INFO - Products Router Include
2025-12-15 23:15:52,481 - pathfiender.main - INFO - Category Router Include
2025-12-15 23:15:52,483 - pathfiender.main - INFO - Application startup complete
2025-12-15 23:15:55,310 - pathfiender.main - INFO - Application shutdown
2025-12-15 23:33:51,895 - pathfiender.main - INFO - Auth Router Include
2025-12-15 23:33:51,899 - pathfiender.main - INFO - User Router Include
2025-12-15 23:33:51,900 - pathfiender.main - INFO - Shop Router Include
2025-12-15 23:33:51,905 - pathfiender.main - INFO - Products Router Include
2025-12-15 23:33:51,909 - pathfiender.main - INFO - Category Router Include
2025-12-15 23:33:51,955 - pathfiender.main - INFO - Auth Router Include
2025-12-15 23:33:51,959 - pathfiender.main - INFO - User Router Include
2025-12-15 23:33:51,960 - pathfiender.main - INFO - Shop Router Include
2025-12-15 23:33:51,964 - pathfiender.main - INFO - Products Router Include
2025-12-15 23:33:51,969 - pathfiender.main - INFO - Category Router Include
2025-12-15 23:33:51,970 - pathfiender.main - INFO - Application startup complete
2025-12-15 23:33:56,424 - pathfiender.auth_service - ERROR - Пользователь с почтой string уже создан
2025-12-15 23:34:02,789 - pathfiender.main - INFO - Application shutdown
2025-12-16 09:51:19,056 - pathfiender.main - INFO - Auth Router Include
2025-12-16 09:51:19,059 - pathfiender.main - INFO - User Router Include
2025-12-16 09:51:19,060 - pathfiender.main - INFO - Shop Router Include
2025-12-16 09:51:19,063 - pathfiender.main - INFO - Products Router Include
2025-12-16 09:51:19,066 - pathfiender.main - INFO - Category Router Include
2025-12-16 09:51:20,258 - pathfiender.main - INFO - Auth Router Include
2025-12-16 09:51:20,263 - pathfiender.main - INFO - User Router Include
2025-12-16 09:51:20,263 - pathfiender.main - INFO - Shop Router Include
2025-12-16 09:51:20,268 - pathfiender.main - INFO - Products Router Include
2025-12-16 09:51:20,272 - pathfiender.main - INFO - Category Router Include
2025-12-16 09:51:20,347 - pathfiender.main - INFO - Auth Router Include
2025-12-16 09:51:20,352 - pathfiender.main - INFO - User Router Include
2025-12-16 09:51:20,353 - pathfiender.main - INFO - Shop Router Include
2025-12-16 09:51:20,358 - pathfiender.main - INFO - Products Router Include
2025-12-16 09:51:20,362 - pathfiender.main - INFO - Category Router Include
2025-12-16 09:51:20,364 - pathfiender.main - INFO - Application startup complete
2025-12-16 09:51:38,240 - pathfiender.auth_service - ERROR - Пользователь с почтой string уже создан
2025-12-16 09:52:20,214 - pathfiender.main - INFO - Application shutdown
2025-12-16 09:52:47,924 - pathfiender.main - INFO - Auth Router Include
2025-12-16 09:52:47,927 - pathfiender.main - INFO - User Router Include
2025-12-16 09:52:47,928 - pathfiender.main - INFO - Shop Router Include
2025-12-16 09:52:47,930 - pathfiender.main - INFO - Products Router Include
2025-12-16 09:52:47,934 - pathfiender.main - INFO - Category Router Include
2025-12-16 09:52:47,966 - pathfiender.main - INFO - Auth Router Include
2025-12-16 09:52:47,969 - pathfiender.main - INFO - User Router Include
2025-12-16 09:52:47,970 - pathfiender.main - INFO - Shop Router Include
2025-12-16 09:52:47,972 - pathfiender.main - INFO - Products Router Include
2025-12-16 09:52:47,975 - pathfiender.main - INFO - Category Router Include
2025-12-16 09:52:47,976 - pathfiender.main - INFO - Application startup complete
2025-12-16 09:52:51,997 - pathfiender.main - INFO - Application shutdown
2025-12-16 09:52:53,259 - pathfiender.main - INFO - Auth Router Include
2025-12-16 09:52:53,263 - pathfiender.main - INFO - User Router Include
2025-12-16 09:52:53,263 - pathfiender.main - INFO - Shop Router Include
2025-12-16 09:52:53,266 - pathfiender.main - INFO - Products Router Include
2025-12-16 09:52:53,270 - pathfiender.main - INFO - Category Router Include
2025-12-16 09:52:53,305 - pathfiender.main - INFO - Auth Router Include
2025-12-16 09:52:53,309 - pathfiender.main - INFO - User Router Include
2025-12-16 09:52:53,310 - pathfiender.main - INFO - Shop Router Include
2025-12-16 09:52:53,313 - pathfiender.main - INFO - Products Router Include
2025-12-16 09:52:53,316 - pathfiender.main - INFO - Category Router Include
2025-12-16 09:52:53,317 - pathfiender.main - INFO - Application startup complete
2025-12-16 09:52:58,739 - pathfiender.main - INFO - Application shutdown
2025-12-16 09:53:00,077 - pathfiender.main - INFO - Auth Router Include
2025-12-16 09:53:00,079 - pathfiender.main - INFO - User Router Include
2025-12-16 09:53:00,080 - pathfiender.main - INFO - Shop Router Include
2025-12-16 09:53:00,083 - pathfiender.main - INFO - Products Router Include
2025-12-16 09:53:00,085 - pathfiender.main - INFO - Category Router Include
2025-12-16 09:53:00,116 - pathfiender.main - INFO - Auth Router Include
2025-12-16 09:53:00,119 - pathfiender.main - INFO - User Router Include
2025-12-16 09:53:00,120 - pathfiender.main - INFO - Shop Router Include
2025-12-16 09:53:00,122 - pathfiender.main - INFO - Products Router Include
2025-12-16 09:53:00,124 - pathfiender.main - INFO - Category Router Include
2025-12-16 09:53:00,125 - pathfiender.main - INFO - Application startup complete
2025-12-16 09:53:02,303 - pathfiender.main - INFO - Application shutdown
2025-12-16 09:53:03,643 - pathfiender.main - INFO - Auth Router Include
2025-12-16 09:53:03,646 - pathfiender.main - INFO - User Router Include
2025-12-16 09:53:03,647 - pathfiender.main - INFO - Shop Router Include
2025-12-16 09:53:03,649 - pathfiender.main - INFO - Products Router Include
2025-12-16 09:53:03,652 - pathfiender.main - INFO - Category Router Include
2025-12-16 09:53:03,685 - pathfiender.main - INFO - Auth Router Include
2025-12-16 09:53:03,688 - pathfiender.main - INFO - User Router Include
2025-12-16 09:53:03,688 - pathfiender.main - INFO - Shop Router Include
2025-12-16 09:53:03,691 - pathfiender.main - INFO - Products Router Include
2025-12-16 09:53:03,693 - pathfiender.main - INFO - Category Router Include
2025-12-16 09:53:03,694 - pathfiender.main - INFO - Application startup complete
2025-12-16 09:55:43,560 - pathfiender.main - INFO - Application shutdown
2025-12-16 09:55:44,888 - pathfiender.main - INFO - Auth Router Include
2025-12-16 09:55:44,892 - pathfiender.main - INFO - User Router Include
2025-12-16 09:55:44,892 - pathfiender.main - INFO - Shop Router Include
2025-12-16 09:55:44,895 - pathfiender.main - INFO - Products Router Include
2025-12-16 09:55:44,898 - pathfiender.main - INFO - Category Router Include
2025-12-16 09:55:44,940 - pathfiender.main - INFO - Auth Router Include
2025-12-16 09:55:44,945 - pathfiender.main - INFO - User Router Include
2025-12-16 09:55:44,945 - pathfiender.main - INFO - Shop Router Include
2025-12-16 09:55:44,948 - pathfiender.main - INFO - Products Router Include
2025-12-16 09:55:44,951 - pathfiender.main - INFO - Category Router Include
2025-12-16 09:55:44,953 - pathfiender.main - INFO - Application startup complete
2025-12-16 09:55:53,094 - pathfiender.main - INFO - Application shutdown
2025-12-16 09:55:54,354 - pathfiender.main - INFO - Auth Router Include
2025-12-16 09:55:54,358 - pathfiender.main - INFO - User Router Include
2025-12-16 09:55:54,359 - pathfiender.main - INFO - Shop Router Include
2025-12-16 09:55:54,362 - pathfiender.main - INFO - Products Router Include
2025-12-16 09:55:54,366 - pathfiender.main - INFO - Category Router Include
2025-12-16 09:55:54,400 - pathfiender.main - INFO - Auth Router Include
2025-12-16 09:55:54,404 - pathfiender.main - INFO - User Router Include
2025-12-16 09:55:54,404 - pathfiender.main - INFO - Shop Router Include
2025-12-16 09:55:54,407 - pathfiender.main - INFO - Products Router Include
2025-12-16 09:55:54,409 - pathfiender.main - INFO - Category Router Include
2025-12-16 09:55:54,411 - pathfiender.main - INFO - Application startup complete
2025-12-16 09:56:33,597 - pathfiender.main - INFO - Application shutdown
2025-12-16 09:56:34,852 - pathfiender.main - INFO - Auth Router Include
2025-12-16 09:56:34,854 - pathfiender.main - INFO - User Router Include
2025-12-16 09:56:34,854 - pathfiender.main - INFO - Shop Router Include
2025-12-16 09:56:34,857 - pathfiender.main - INFO - Products Router Include
2025-12-16 09:56:34,860 - pathfiender.main - INFO - Category Router Include
2025-12-16 09:56:34,895 - pathfiender.main - INFO - Auth Router Include
2025-12-16 09:56:34,898 - pathfiender.main - INFO - User Router Include
2025-12-16 09:56:34,899 - pathfiender.main - INFO - Shop Router Include
2025-12-16 09:56:34,901 - pathfiender.main - INFO - Products Router Include
2025-12-16 09:56:34,905 - pathfiender.main - INFO - Category Router Include
2025-12-16 09:56:34,906 - pathfiender.main - INFO - Application startup complete
2025-12-16 09:57:25,615 - pathfiender.main - INFO - Application shutdown
2025-12-16 09:57:26,842 - pathfiender.main - INFO - Auth Router Include
2025-12-16 09:57:26,845 - pathfiender.main - INFO - User Router Include
2025-12-16 09:57:26,846 - pathfiender.main - INFO - Shop Router Include
2025-12-16 09:57:26,848 - pathfiender.main - INFO - Products Router Include
2025-12-16 09:57:26,852 - pathfiender.main - INFO - Category Router Include
2025-12-16 09:57:26,884 - pathfiender.main - INFO - Auth Router Include
2025-12-16 09:57:26,887 - pathfiender.main - INFO - User Router Include
2025-12-16 09:57:26,888 - pathfiender.main - INFO - Shop Router Include
2025-12-16 09:57:26,890 - pathfiender.main - INFO - Products Router Include
2025-12-16 09:57:26,893 - pathfiender.main - INFO - Category Router Include
2025-12-16 09:57:26,894 - pathfiender.main - INFO - Application startup complete
2025-12-16 09:57:56,337 - pathfiender.main - INFO - Application shutdown
2025-12-16 09:57:57,546 - pathfiender.main - INFO - Auth Router Include
2025-12-16 09:57:57,549 - pathfiender.main - INFO - User Router Include
2025-12-16 09:57:57,549 - pathfiender.main - INFO - Shop Router Include
2025-12-16 09:57:57,553 - pathfiender.main - INFO - Products Router Include
2025-12-16 09:57:57,556 - pathfiender.main - INFO - Category Router Include
2025-12-16 09:57:57,586 - pathfiender.main - INFO - Auth Router Include
2025-12-16 09:57:57,590 - pathfiender.main - INFO - User Router Include
2025-12-16 09:57:57,590 - pathfiender.main - INFO - Shop Router Include
2025-12-16 09:57:57,594 - pathfiender.main - INFO - Products Router Include
2025-12-16 09:57:57,596 - pathfiender.main - INFO - Category Router Include
2025-12-16 09:57:57,598 - pathfiender.main - INFO - Application startup complete
2025-12-16 09:58:27,585 - pathfiender.main - INFO - Application shutdown
2025-12-16 09:58:28,849 - pathfiender.main - INFO - Auth Router Include
2025-12-16 09:58:28,852 - pathfiender.main - INFO - User Router Include
2025-12-16 09:58:28,853 - pathfiender.main - INFO - Shop Router Include
2025-12-16 09:58:28,857 - pathfiender.main - INFO - Products Router Include
2025-12-16 09:58:28,860 - pathfiender.main - INFO - Category Router Include
2025-12-16 09:58:28,897 - pathfiender.main - INFO - Auth Router Include
2025-12-16 09:58:28,900 - pathfiender.main - INFO - User Router Include
2025-12-16 09:58:28,901 - pathfiender.main - INFO - Shop Router Include
2025-12-16 09:58:28,904 - pathfiender.main - INFO - Products Router Include
2025-12-16 09:58:28,907 - pathfiender.main - INFO - Category Router Include
2025-12-16 09:58:28,908 - pathfiender.main - INFO - Application startup complete
2025-12-16 09:58:29,994 - pathfiender.main - INFO - Application shutdown
2025-12-16 09:58:31,242 - pathfiender.main - INFO - Auth Router Include
2025-12-16 09:58:31,245 - pathfiender.main - INFO - User Router Include
2025-12-16 09:58:31,246 - pathfiender.main - INFO - Shop Router Include
2025-12-16 09:58:31,249 - pathfiender.main - INFO - Products Router Include
2025-12-16 09:58:31,254 - pathfiender.main - INFO - Category Router Include
2025-12-16 09:58:31,292 - pathfiender.main - INFO - Auth Router Include
2025-12-16 09:58:31,295 - pathfiender.main - INFO - User Router Include
2025-12-16 09:58:31,296 - pathfiender.main - INFO - Shop Router Include
2025-12-16 09:58:31,298 - pathfiender.main - INFO - Products Router Include
2025-12-16 09:58:31,301 - pathfiender.main - INFO - Category Router Include
2025-12-16 09:58:31,302 - pathfiender.main - INFO - Application startup complete
2025-12-16 10:01:07,532 - pathfiender.main - INFO - Application shutdown
2025-12-16 10:01:15,857 - pathfiender.main - INFO - Auth Router Include
2025-12-16 10:01:15,860 - pathfiender.main - INFO - User Router Include
2025-12-16 10:01:15,861 - pathfiender.main - INFO - Shop Router Include
2025-12-16 10:01:15,864 - pathfiender.main - INFO - Products Router Include
2025-12-16 10:01:15,867 - pathfiender.main - INFO - Category Router Include
2025-12-16 10:01:15,903 - pathfiender.main - INFO - Auth Router Include
2025-12-16 10:01:15,906 - pathfiender.main - INFO - User Router Include
2025-12-16 10:01:15,907 - pathfiender.main - INFO - Shop Router Include
2025-12-16 10:01:15,909 - pathfiender.main - INFO - Products Router Include
2025-12-16 10:01:15,912 - pathfiender.main - INFO - Category Router Include
2025-12-16 10:01:15,913 - pathfiender.main - INFO - Application startup complete
2025-12-16 10:02:59,123 - pathfiender.main - INFO - Application shutdown
2025-12-16 10:03:00,470 - pathfiender.main - INFO - Auth Router Include
2025-12-16 10:03:00,474 - pathfiender.main - INFO - User Router Include
2025-12-16 10:03:00,475 - pathfiender.main - INFO - Shop Router Include
2025-12-16 10:03:00,478 - pathfiender.main - INFO - Products Router Include
2025-12-16 10:03:00,481 - pathfiender.main - INFO - Category Router Include
2025-12-16 10:03:00,519 - pathfiender.main - INFO - Auth Router Include
2025-12-16 10:03:00,522 - pathfiender.main - INFO - User Router Include
2025-12-16 10:03:00,523 - pathfiender.main - INFO - Shop Router Include
2025-12-16 10:03:00,526 - pathfiender.main - INFO - Products Router Include
2025-12-16 10:03:00,528 - pathfiender.main - INFO - Category Router Include
2025-12-16 10:03:00,529 - pathfiender.main - INFO - Application startup complete
2025-12-16 10:12:57,516 - pathfiender.main - INFO - Application shutdown
2025-12-16 10:12:58,755 - pathfiender.main - INFO - Auth Router Include
2025-12-16 10:12:58,759 - pathfiender.main - INFO - User Router Include
2025-12-16 10:12:58,759 - pathfiender.main - INFO - Shop Router Include
2025-12-16 10:12:58,762 - pathfiender.main - INFO - Products Router Include
2025-12-16 10:12:58,766 - pathfiender.main - INFO - Category Router Include
2025-12-16 10:12:58,798 - pathfiender.main - INFO - Auth Router Include
2025-12-16 10:12:58,800 - pathfiender.main - INFO - User Router Include
2025-12-16 10:12:58,801 - pathfiender.main - INFO - Shop Router Include
2025-12-16 10:12:58,803 - pathfiender.main - INFO - Products Router Include
2025-12-16 10:12:58,805 - pathfiender.main - INFO - Category Router Include
2025-12-16 10:12:58,807 - pathfiender.main - INFO - Application startup complete
2025-12-16 10:13:44,706 - pathfiender.main - INFO - Application shutdown
2025-12-16 10:14:54,113 - pathfiender.main - INFO - Auth Router Include
2025-12-16 10:14:54,115 - pathfiender.main - INFO - User Router Include
2025-12-16 10:14:54,116 - pathfiender.main - INFO - Shop Router Include
2025-12-16 10:14:54,119 - pathfiender.main - INFO - Products Router Include
2025-12-16 10:14:54,123 - pathfiender.main - INFO - Category Router Include
2025-12-16 10:14:54,159 - pathfiender.main - INFO - Auth Router Include
2025-12-16 10:14:54,162 - pathfiender.main - INFO - User Router Include
2025-12-16 10:14:54,163 - pathfiender.main - INFO - Shop Router Include
2025-12-16 10:14:54,165 - pathfiender.main - INFO - Products Router Include
2025-12-16 10:14:54,168 - pathfiender.main - INFO - Category Router Include
2025-12-16 10:14:54,168 - pathfiender.main - INFO - Application startup complete
2025-12-16 10:14:57,646 - pathfiender.main - INFO - Application shutdown
2025-12-16 10:14:58,924 - pathfiender.main - INFO - Auth Router Include
2025-12-16 10:14:58,927 - pathfiender.main - INFO - User Router Include
2025-12-16 10:14:58,928 - pathfiender.main - INFO - Shop Router Include
2025-12-16 10:14:58,930 - pathfiender.main - INFO - Products Router Include
2025-12-16 10:14:58,933 - pathfiender.main - INFO - Category Router Include
2025-12-16 10:14:58,967 - pathfiender.main - INFO - Auth Router Include
2025-12-16 10:14:58,970 - pathfiender.main - INFO - User Router Include
2025-12-16 10:14:58,970 - pathfiender.main - INFO - Shop Router Include
2025-12-16 10:14:58,973 - pathfiender.main - INFO - Products Router Include
2025-12-16 10:14:58,976 - pathfiender.main - INFO - Category Router Include
2025-12-16 10:14:58,976 - pathfiender.main - INFO - Application startup complete
2025-12-16 10:15:46,592 - pathfiender.main - INFO - Application shutdown
2025-12-16 10:15:47,825 - pathfiender.main - INFO - Auth Router Include
2025-12-16 10:15:47,828 - pathfiender.main - INFO - User Router Include
2025-12-16 10:15:47,828 - pathfiender.main - INFO - Shop Router Include
2025-12-16 10:15:47,831 - pathfiender.main - INFO - Products Router Include
2025-12-16 10:15:47,834 - pathfiender.main - INFO - Category Router Include
2025-12-16 10:15:47,892 - pathfiender.main - INFO - Auth Router Include
2025-12-16 10:15:47,898 - pathfiender.main - INFO - User Router Include
2025-12-16 10:15:47,900 - pathfiender.main - INFO - Shop Router Include
2025-12-16 10:15:47,905 - pathfiender.main - INFO - Products Router Include
2025-12-16 10:15:47,911 - pathfiender.main - INFO - Category Router Include
2025-12-16 10:15:47,914 - pathfiender.main - INFO - Application startup complete
2025-12-16 10:16:07,483 - pathfiender.main - INFO - Application shutdown
2025-12-16 10:16:08,751 - pathfiender.main - INFO - Auth Router Include
2025-12-16 10:16:08,754 - pathfiender.main - INFO - User Router Include
2025-12-16 10:16:08,754 - pathfiender.main - INFO - Shop Router Include
2025-12-16 10:16:08,757 - pathfiender.main - INFO - Products Router Include
2025-12-16 10:16:08,760 - pathfiender.main - INFO - Category Router Include
2025-12-16 10:16:08,799 - pathfiender.main - INFO - Auth Router Include
2025-12-16 10:16:08,803 - pathfiender.main - INFO - User Router Include
2025-12-16 10:16:08,803 - pathfiender.main - INFO - Shop Router Include
2025-12-16 10:16:08,806 - pathfiender.main - INFO - Products Router Include
2025-12-16 10:16:08,810 - pathfiender.main - INFO - Category Router Include
2025-12-16 10:16:08,812 - pathfiender.main - INFO - Application startup complete
2025-12-16 10:16:32,874 - pathfiender.main - INFO - Application shutdown
2025-12-16 10:16:34,111 - pathfiender.main - INFO - Auth Router Include
2025-12-16 10:16:34,115 - pathfiender.main - INFO - User Router Include
2025-12-16 10:16:34,115 - pathfiender.main - INFO - Shop Router Include
2025-12-16 10:16:34,118 - pathfiender.main - INFO - Products Router Include
2025-12-16 10:16:34,120 - pathfiender.main - INFO - Category Router Include
2025-12-16 10:16:34,155 - pathfiender.main - INFO - Auth Router Include
2025-12-16 10:16:34,158 - pathfiender.main - INFO - User Router Include
2025-12-16 10:16:34,159 - pathfiender.main - INFO - Shop Router Include
2025-12-16 10:16:34,161 - pathfiender.main - INFO - Products Router Include
2025-12-16 10:16:34,164 - pathfiender.main - INFO - Category Router Include
2025-12-16 10:16:34,165 - pathfiender.main - INFO - Application startup complete
2025-12-16 10:16:39,790 - pathfiender.main - INFO - Application shutdown
2025-12-16 10:16:41,044 - pathfiender.main - INFO - Auth Router Include
2025-12-16 10:16:41,048 - pathfiender.main - INFO - User Router Include
2025-12-16 10:16:41,048 - pathfiender.main - INFO - Shop Router Include
2025-12-16 10:16:41,051 - pathfiender.main - INFO - Products Router Include
2025-12-16 10:16:41,054 - pathfiender.main - INFO - Category Router Include
2025-12-16 10:16:41,089 - pathfiender.main - INFO - Auth Router Include
2025-12-16 10:16:41,093 - pathfiender.main - INFO - User Router Include
2025-12-16 10:16:41,093 - pathfiender.main - INFO - Shop Router Include
2025-12-16 10:16:41,096 - pathfiender.main - INFO - Products Router Include
2025-12-16 10:16:41,101 - pathfiender.main - INFO - Category Router Include
2025-12-16 10:16:41,102 - pathfiender.main - INFO - Application startup complete
2025-12-16 10:18:31,209 - pathfiender.main - INFO - Application shutdown
2025-12-16 10:18:32,496 - pathfiender.main - INFO - Auth Router Include
2025-12-16 10:18:32,500 - pathfiender.main - INFO - User Router Include
2025-12-16 10:18:32,501 - pathfiender.main - INFO - Shop Router Include
2025-12-16 10:18:32,504 - pathfiender.main - INFO - Products Router Include
2025-12-16 10:18:32,508 - pathfiender.main - INFO - Category Router Include
2025-12-16 10:18:32,545 - pathfiender.main - INFO - Auth Router Include
2025-12-16 10:18:32,549 - pathfiender.main - INFO - User Router Include
2025-12-16 10:18:32,550 - pathfiender.main - INFO - Shop Router Include
2025-12-16 10:18:32,552 - pathfiender.main - INFO - Products Router Include
2025-12-16 10:18:32,555 - pathfiender.main - INFO - Category Router Include
2025-12-16 10:18:32,557 - pathfiender.main - INFO - Application startup complete
2025-12-16 10:18:40,482 - pathfiender.main - INFO - Application shutdown
2025-12-16 10:18:41,697 - pathfiender.main - INFO - Auth Router Include
2025-12-16 10:18:41,700 - pathfiender.main - INFO - User Router Include
2025-12-16 10:18:41,700 - pathfiender.main - INFO - Shop Router Include
2025-12-16 10:18:41,703 - pathfiender.main - INFO - Products Router Include
2025-12-16 10:18:41,705 - pathfiender.main - INFO - Category Router Include
2025-12-16 10:18:41,738 - pathfiender.main - INFO - Auth Router Include
2025-12-16 10:18:41,740 - pathfiender.main - INFO - User Router Include
2025-12-16 10:18:41,741 - pathfiender.main - INFO - Shop Router Include
2025-12-16 10:18:41,743 - pathfiender.main - INFO - Products Router Include
2025-12-16 10:18:41,745 - pathfiender.main - INFO - Category Router Include
2025-12-16 10:18:41,746 - pathfiender.main - INFO - Application startup complete
2025-12-16 10:18:59,309 - pathfiender.main - INFO - Application shutdown
2025-12-16 10:19:00,572 - pathfiender.main - INFO - Auth Router Include
2025-12-16 10:19:00,575 - pathfiender.main - INFO - User Router Include
2025-12-16 10:19:00,575 - pathfiender.main - INFO - Shop Router Include
2025-12-16 10:19:00,577 - pathfiender.main - INFO - Products Router Include
2025-12-16 10:19:00,581 - pathfiender.main - INFO - Category Router Include
2025-12-16 10:19:00,620 - pathfiender.main - INFO - Auth Router Include
2025-12-16 10:19:00,624 - pathfiender.main - INFO - User Router Include
2025-12-16 10:19:00,625 - pathfiender.main - INFO - Shop Router Include
2025-12-16 10:19:00,627 - pathfiender.main - INFO - Products Router Include
2025-12-16 10:19:00,632 - pathfiender.main - INFO - Category Router Include
2025-12-16 10:19:00,633 - pathfiender.main - INFO - Application startup complete
2025-12-16 10:19:02,721 - pathfiender.auth_service - ERROR - Пользователь с почтой string уже создан
2025-12-16 10:22:19,290 - pathfiender.main - INFO - Application shutdown
2025-12-16 10:22:20,477 - pathfiender.main - INFO - Auth Router Include
2025-12-16 10:22:20,480 - pathfiender.main - INFO - User Router Include
2025-12-16 10:22:20,481 - pathfiender.main - INFO - Shop Router Include
2025-12-16 10:22:20,484 - pathfiender.main - INFO - Products Router Include
2025-12-16 10:22:20,487 - pathfiender.main - INFO - Category Router Include
2025-12-16 10:22:20,521 - pathfiender.main - INFO - Auth Router Include
2025-12-16 10:22:20,524 - pathfiender.main - INFO - User Router Include
2025-12-16 10:22:20,524 - pathfiender.main - INFO - Shop Router Include
2025-12-16 10:22:20,527 - pathfiender.main - INFO - Products Router Include
2025-12-16 10:22:20,529 - pathfiender.main - INFO - Category Router Include
2025-12-16 10:22:20,530 - pathfiender.main - INFO - Application startup complete
2025-12-16 10:22:27,579 - pathfiender.main - INFO - Application shutdown
2025-12-16 10:22:28,783 - pathfiender.main - INFO - Auth Router Include
2025-12-16 10:22:28,786 - pathfiender.main - INFO - User Router Include
2025-12-16 10:22:28,787 - pathfiender.main - INFO - Shop Router Include
2025-12-16 10:22:28,789 - pathfiender.main - INFO - Products Router Include
2025-12-16 10:22:28,793 - pathfiender.main - INFO - Category Router Include
2025-12-16 10:22:28,829 - pathfiender.main - INFO - Auth Router Include
2025-12-16 10:22:28,832 - pathfiender.main - INFO - User Router Include
2025-12-16 10:22:28,833 - pathfiender.main - INFO - Shop Router Include
2025-12-16 10:22:28,835 - pathfiender.main - INFO - Products Router Include
2025-12-16 10:22:28,838 - pathfiender.main - INFO - Category Router Include
2025-12-16 10:22:28,840 - pathfiender.main - INFO - Application startup complete
2025-12-16 10:22:49,578 - pathfiender.main - INFO - Application shutdown
2025-12-16 10:33:38,026 - pathfiender.main - INFO - Auth Router Include
2025-12-16 10:33:38,028 - pathfiender.main - INFO - User Router Include
2025-12-16 10:33:38,029 - pathfiender.main - INFO - Shop Router Include
2025-12-16 10:33:38,032 - pathfiender.main - INFO - Products Router Include
2025-12-16 10:33:38,035 - pathfiender.main - INFO - Category Router Include
2025-12-16 10:33:38,068 - pathfiender.main - INFO - Auth Router Include
2025-12-16 10:33:38,070 - pathfiender.main - INFO - User Router Include
2025-12-16 10:33:38,071 - pathfiender.main - INFO - Shop Router Include
2025-12-16 10:33:38,073 - pathfiender.main - INFO - Products Router Include
2025-12-16 10:33:38,075 - pathfiender.main - INFO - Category Router Include
2025-12-16 10:33:38,076 - pathfiender.main - INFO - Application startup complete
2025-12-16 10:34:59,939 - pathfiender.main - INFO - Application shutdown
2025-12-16 10:35:01,232 - pathfiender.main - INFO - Auth Router Include
2025-12-16 10:35:01,234 - pathfiender.main - INFO - User Router Include
2025-12-16 10:35:01,234 - pathfiender.main - INFO - Shop Router Include
2025-12-16 10:35:01,237 - pathfiender.main - INFO - Products Router Include
2025-12-16 10:35:01,240 - pathfiender.main - INFO - Category Router Include
2025-12-16 10:35:01,274 - pathfiender.main - INFO - Auth Router Include
2025-12-16 10:35:01,275 - pathfiender.main - INFO - User Router Include
2025-12-16 10:35:01,275 - pathfiender.main - INFO - Shop Router Include
2025-12-16 10:35:01,278 - pathfiender.main - INFO - Products Router Include
2025-12-16 10:35:01,281 - pathfiender.main - INFO - Category Router Include
2025-12-16 10:35:01,282 - pathfiender.main - INFO - Application startup complete
2025-12-16 10:35:04,533 - pathfiender.main - INFO - Application shutdown
2025-12-16 10:35:05,855 - pathfiender.main - INFO - Auth Router Include
2025-12-16 10:35:05,856 - pathfiender.main - INFO - User Router Include
2025-12-16 10:35:05,857 - pathfiender.main - INFO - Shop Router Include
2025-12-16 10:35:05,860 - pathfiender.main - INFO - Products Router Include
2025-12-16 10:35:05,863 - pathfiender.main - INFO - Category Router Include
2025-12-16 10:35:05,893 - pathfiender.main - INFO - Auth Router Include
2025-12-16 10:35:05,896 - pathfiender.main - INFO - User Router Include
2025-12-16 10:35:05,896 - pathfiender.main - INFO - Shop Router Include
2025-12-16 10:35:05,899 - pathfiender.main - INFO - Products Router Include
2025-12-16 10:35:05,901 - pathfiender.main - INFO - Category Router Include
2025-12-16 10:35:05,902 - pathfiender.main - INFO - Application startup complete
2025-12-16 10:35:10,382 - pathfiender.auth_service - ERROR - Пользователь с почтой string уже создан
2025-12-16 10:36:01,396 - pathfiender.main - INFO - Application shutdown
2025-12-16 10:36:02,687 - pathfiender.main - INFO - Auth Router Include
2025-12-16 10:36:02,689 - pathfiender.main - INFO - User Router Include
2025-12-16 10:36:02,690 - pathfiender.main - INFO - Shop Router Include
2025-12-16 10:36:02,693 - pathfiender.main - INFO - Products Router Include
2025-12-16 10:36:02,698 - pathfiender.main - INFO - Category Router Include
2025-12-16 10:36:02,741 - pathfiender.main - INFO - Auth Router Include
2025-12-16 10:36:02,744 - pathfiender.main - INFO - User Router Include
2025-12-16 10:36:02,746 - pathfiender.main - INFO - Shop Router Include
2025-12-16 10:36:02,749 - pathfiender.main - INFO - Products Router Include
2025-12-16 10:36:02,752 - pathfiender.main - INFO - Category Router Include
2025-12-16 10:36:02,753 - pathfiender.main - INFO - Application startup complete
2025-12-16 10:36:21,829 - pathfiender.main - INFO - Application shutdown
2025-12-17 23:01:13,287 - pathfiender.main - INFO - Auth Router Include
2025-12-17 23:01:13,290 - pathfiender.main - INFO - User Router Include
2025-12-17 23:01:13,291 - pathfiender.main - INFO - Shop Router Include
2025-12-17 23:01:13,293 - pathfiender.main - INFO - Products Router Include
2025-12-17 23:01:13,297 - pathfiender.main - INFO - Category Router Include
2025-12-17 23:01:14,409 - pathfiender.main - INFO - Auth Router Include
2025-12-17 23:01:14,412 - pathfiender.main - INFO - User Router Include
2025-12-17 23:01:14,413 - pathfiender.main - INFO - Shop Router Include
2025-12-17 23:01:14,416 - pathfiender.main - INFO - Products Router Include
2025-12-17 23:01:14,420 - pathfiender.main - INFO - Category Router Include
2025-12-17 23:01:14,473 - pathfiender.main - INFO - Auth Router Include
2025-12-17 23:01:14,474 - pathfiender.main - INFO - User Router Include
2025-12-17 23:01:14,475 - pathfiender.main - INFO - Shop Router Include
2025-12-17 23:01:14,478 - pathfiender.main - INFO - Products Router Include
2025-12-17 23:01:14,481 - pathfiender.main - INFO - Category Router Include
2025-12-17 23:01:14,482 - pathfiender.main - INFO - Application startup complete
2025-12-17 23:01:21,389 - pathfiender.auth_service - ERROR - Пользователь с почтой string уже создан
2025-12-17 23:01:50,495 - pathfiender.main - INFO - Application shutdown
2025-12-17 23:02:08,083 - pathfiender.main - INFO - Auth Router Include
2025-12-17 23:02:08,085 - pathfiender.main - INFO - User Router Include
2025-12-17 23:02:08,086 - pathfiender.main - INFO - Shop Router Include
2025-12-17 23:02:08,090 - pathfiender.main - INFO - Products Router Include
2025-12-17 23:02:08,093 - pathfiender.main - INFO - Category Router Include
2025-12-17 23:02:08,130 - pathfiender.main - INFO - Auth Router Include
2025-12-17 23:02:08,132 - pathfiender.main - INFO - User Router Include
2025-12-17 23:02:08,132 - pathfiender.main - INFO - Shop Router Include
2025-12-17 23:02:08,135 - pathfiender.main - INFO - Products Router Include
2025-12-17 23:02:08,138 - pathfiender.main - INFO - Category Router Include
2025-12-17 23:02:08,139 - pathfiender.main - INFO - Application startup complete
2025-12-17 23:02:10,624 - pathfiender.main - INFO - Application shutdown
2025-12-17 23:02:11,890 - pathfiender.main - INFO - Auth Router Include
2025-12-17 23:02:11,892 - pathfiender.main - INFO - User Router Include
2025-12-17 23:02:11,892 - pathfiender.main - INFO - Shop Router Include
2025-12-17 23:02:11,895 - pathfiender.main - INFO - Products Router Include
2025-12-17 23:02:11,899 - pathfiender.main - INFO - Category Router Include
2025-12-17 23:02:11,934 - pathfiender.main - INFO - Auth Router Include
2025-12-17 23:02:11,936 - pathfiender.main - INFO - User Router Include
2025-12-17 23:02:11,936 - pathfiender.main - INFO - Shop Router Include
2025-12-17 23:02:11,939 - pathfiender.main - INFO - Products Router Include
2025-12-17 23:02:11,941 - pathfiender.main - INFO - Category Router Include
2025-12-17 23:02:11,942 - pathfiender.main - INFO - Application startup complete
2025-12-17 23:06:18,081 - pathfiender.main - INFO - Application shutdown
2025-12-17 23:06:44,245 - pathfiender.main - INFO - Auth Router Include
2025-12-17 23:06:44,248 - pathfiender.main - INFO - User Router Include
2025-12-17 23:06:44,248 - pathfiender.main - INFO - Shop Router Include
2025-12-17 23:06:44,251 - pathfiender.main - INFO - Products Router Include
2025-12-17 23:06:44,254 - pathfiender.main - INFO - Category Router Include
2025-12-17 23:06:44,292 - pathfiender.main - INFO - Auth Router Include
2025-12-17 23:06:44,295 - pathfiender.main - INFO - User Router Include
2025-12-17 23:06:44,296 - pathfiender.main - INFO - Shop Router Include
2025-12-17 23:06:44,298 - pathfiender.main - INFO - Products Router Include
2025-12-17 23:06:44,301 - pathfiender.main - INFO - Category Router Include
2025-12-17 23:06:44,302 - pathfiender.main - INFO - Application startup complete
2025-12-17 23:10:10,434 - pathfiender.main - INFO - Application shutdown
2025-12-17 23:10:11,682 - pathfiender.main - INFO - Auth Router Include
2025-12-17 23:10:11,684 - pathfiender.main - INFO - User Router Include
2025-12-17 23:10:11,684 - pathfiender.main - INFO - Shop Router Include
2025-12-17 23:10:11,687 - pathfiender.main - INFO - Products Router Include
2025-12-17 23:10:11,690 - pathfiender.main - INFO - Category Router Include
2025-12-17 23:10:11,720 - pathfiender.main - INFO - Auth Router Include
2025-12-17 23:10:11,723 - pathfiender.main - INFO - User Router Include
2025-12-17 23:10:11,724 - pathfiender.main - INFO - Shop Router Include
2025-12-17 23:10:11,726 - pathfiender.main - INFO - Products Router Include
2025-12-17 23:10:11,729 - pathfiender.main - INFO - Category Router Include
2025-12-17 23:10:11,730 - pathfiender.main - INFO - Application startup complete
2025-12-17 23:10:14,004 - pathfiender.main - INFO - Application shutdown
2025-12-17 23:10:15,232 - pathfiender.main - INFO - Auth Router Include
2025-12-17 23:10:15,234 - pathfiender.main - INFO - User Router Include
2025-12-17 23:10:15,235 - pathfiender.main - INFO - Shop Router Include
2025-12-17 23:10:15,239 - pathfiender.main - INFO - Products Router Include
2025-12-17 23:10:15,242 - pathfiender.main - INFO - Category Router Include
2025-12-17 23:10:15,273 - pathfiender.main - INFO - Auth Router Include
2025-12-17 23:10:15,275 - pathfiender.main - INFO - User Router Include
2025-12-17 23:10:15,276 - pathfiender.main - INFO - Shop Router Include
2025-12-17 23:10:15,279 - pathfiender.main - INFO - Products Router Include
2025-12-17 23:10:15,281 - pathfiender.main - INFO - Category Router Include
2025-12-17 23:10:15,282 - pathfiender.main - INFO - Application startup complete
2025-12-17 23:10:32,872 - pathfiender.main - INFO - Application shutdown
2025-12-17 23:10:34,097 - pathfiender.main - INFO - Auth Router Include
2025-12-17 23:10:34,099 - pathfiender.main - INFO - User Router Include
2025-12-17 23:10:34,100 - pathfiender.main - INFO - Shop Router Include
2025-12-17 23:10:34,103 - pathfiender.main - INFO - Products Router Include
2025-12-17 23:10:34,106 - pathfiender.main - INFO - Category Router Include
2025-12-17 23:10:34,146 - pathfiender.main - INFO - Auth Router Include
2025-12-17 23:10:34,149 - pathfiender.main - INFO - User Router Include
2025-12-17 23:10:34,149 - pathfiender.main - INFO - Shop Router Include
2025-12-17 23:10:34,153 - pathfiender.main - INFO - Products Router Include
2025-12-17 23:10:34,157 - pathfiender.main - INFO - Category Router Include
2025-12-17 23:10:34,159 - pathfiender.main - INFO - Application startup complete
2025-12-17 23:10:36,185 - pathfiender.auth_service - ERROR - Пользователь с почтой string уже создан
2025-12-17 23:10:46,435 - pathfiender.auth_service - ERROR - При создании пользователя произошла ошибка |ID ошибки - 59535ebf-0d24-461e-9db8-b69310001ca2 |
2025-12-17 23:11:19,724 - pathfiender.main - INFO - Application shutdown
2025-12-17 23:11:20,937 - pathfiender.main - INFO - Auth Router Include
2025-12-17 23:11:20,939 - pathfiender.main - INFO - User Router Include
2025-12-17 23:11:20,939 - pathfiender.main - INFO - Shop Router Include
2025-12-17 23:11:20,943 - pathfiender.main - INFO - Products Router Include
2025-12-17 23:11:20,946 - pathfiender.main - INFO - Category Router Include
2025-12-17 23:11:20,980 - pathfiender.main - INFO - Auth Router Include
2025-12-17 23:11:20,983 - pathfiender.main - INFO - User Router Include
2025-12-17 23:11:20,983 - pathfiender.main - INFO - Shop Router Include
2025-12-17 23:11:20,985 - pathfiender.main - INFO - Products Router Include
2025-12-17 23:11:20,988 - pathfiender.main - INFO - Category Router Include
2025-12-17 23:11:20,989 - pathfiender.main - INFO - Application startup complete
2025-12-17 23:11:49,878 - pathfiender.main - INFO - Application shutdown
2025-12-17 23:11:51,134 - pathfiender.main - INFO - Auth Router Include
2025-12-17 23:11:51,136 - pathfiender.main - INFO - User Router Include
2025-12-17 23:11:51,137 - pathfiender.main - INFO - Shop Router Include
2025-12-17 23:11:51,139 - pathfiender.main - INFO - Products Router Include
2025-12-17 23:11:51,145 - pathfiender.main - INFO - Category Router Include
2025-12-17 23:11:51,186 - pathfiender.main - INFO - Auth Router Include
2025-12-17 23:11:51,190 - pathfiender.main - INFO - User Router Include
2025-12-17 23:11:51,190 - pathfiender.main - INFO - Shop Router Include
2025-12-17 23:11:51,192 - pathfiender.main - INFO - Products Router Include
2025-12-17 23:11:51,195 - pathfiender.main - INFO - Category Router Include
2025-12-17 23:11:51,197 - pathfiender.main - INFO - Application startup complete
2025-12-17 23:11:52,272 - pathfiender.main - INFO - Application shutdown
2025-12-17 23:11:53,529 - pathfiender.main - INFO - Auth Router Include
2025-12-17 23:11:53,532 - pathfiender.main - INFO - User Router Include
2025-12-17 23:11:53,533 - pathfiender.main - INFO - Shop Router Include
2025-12-17 23:11:53,536 - pathfiender.main - INFO - Products Router Include
2025-12-17 23:11:53,538 - pathfiender.main - INFO - Category Router Include
2025-12-17 23:11:53,573 - pathfiender.main - INFO - Auth Router Include
2025-12-17 23:11:53,575 - pathfiender.main - INFO - User Router Include
2025-12-17 23:11:53,576 - pathfiender.main - INFO - Shop Router Include
2025-12-17 23:11:53,578 - pathfiender.main - INFO - Products Router Include
2025-12-17 23:11:53,581 - pathfiender.main - INFO - Category Router Include
2025-12-17 23:11:53,582 - pathfiender.main - INFO - Application startup complete
2025-12-17 23:11:55,418 - pathfiender.auth_service - ERROR - При создании пользователя произошла ошибка |ID ошибки - a19bee68-5180-42ad-86d3-3c748aa98aaf |Error - 'AsyncSession' object has no attribute 'session' |
2025-12-17 23:12:10,864 - pathfiender.main - INFO - Application shutdown
2025-12-17 23:12:12,227 - pathfiender.main - INFO - Auth Router Include
2025-12-17 23:12:12,229 - pathfiender.main - INFO - User Router Include
2025-12-17 23:12:12,231 - pathfiender.main - INFO - Shop Router Include
2025-12-17 23:12:12,234 - pathfiender.main - INFO - Products Router Include
2025-12-17 23:12:12,239 - pathfiender.main - INFO - Category Router Include
2025-12-17 23:12:12,275 - pathfiender.main - INFO - Auth Router Include
2025-12-17 23:12:12,277 - pathfiender.main - INFO - User Router Include
2025-12-17 23:12:12,278 - pathfiender.main - INFO - Shop Router Include
2025-12-17 23:12:12,280 - pathfiender.main - INFO - Products Router Include
2025-12-17 23:12:12,283 - pathfiender.main - INFO - Category Router Include
2025-12-17 23:12:12,284 - pathfiender.main - INFO - Application startup complete
2025-12-17 23:12:28,340 - pathfiender.main - INFO - Application shutdown
2025-12-17 23:12:29,692 - pathfiender.main - INFO - Auth Router Include
2025-12-17 23:12:29,694 - pathfiender.main - INFO - User Router Include
2025-12-17 23:12:29,695 - pathfiender.main - INFO - Shop Router Include
2025-12-17 23:12:29,698 - pathfiender.main - INFO - Products Router Include
2025-12-17 23:12:29,702 - pathfiender.main - INFO - Category Router Include
2025-12-17 23:12:29,741 - pathfiender.main - INFO - Auth Router Include
2025-12-17 23:12:29,744 - pathfiender.main - INFO - User Router Include
2025-12-17 23:12:29,744 - pathfiender.main - INFO - Shop Router Include
2025-12-17 23:12:29,748 - pathfiender.main - INFO - Products Router Include
2025-12-17 23:12:29,752 - pathfiender.main - INFO - Category Router Include
2025-12-17 23:12:29,753 - pathfiender.main - INFO - Application startup complete
2025-12-17 23:13:32,869 - pathfiender.main - INFO - Application shutdown
2025-12-17 23:13:34,149 - pathfiender.main - INFO - Auth Router Include
2025-12-17 23:13:34,152 - pathfiender.main - INFO - User Router Include
2025-12-17 23:13:34,153 - pathfiender.main - INFO - Shop Router Include
2025-12-17 23:13:34,157 - pathfiender.main - INFO - Products Router Include
2025-12-17 23:13:34,161 - pathfiender.main - INFO - Category Router Include
2025-12-17 23:13:34,202 - pathfiender.main - INFO - Auth Router Include
2025-12-17 23:13:34,204 - pathfiender.main - INFO - User Router Include
2025-12-17 23:13:34,205 - pathfiender.main - INFO - Shop Router Include
2025-12-17 23:13:34,208 - pathfiender.main - INFO - Products Router Include
2025-12-17 23:13:34,211 - pathfiender.main - INFO - Category Router Include
2025-12-17 23:13:34,212 - pathfiender.main - INFO - Application startup complete
2025-12-17 23:13:43,764 - pathfiender.main - INFO - Application shutdown
2025-12-17 23:13:45,103 - pathfiender.main - INFO - Auth Router Include
2025-12-17 23:13:45,107 - pathfiender.main - INFO - User Router Include
2025-12-17 23:13:45,108 - pathfiender.main - INFO - Shop Router Include
2025-12-17 23:13:45,113 - pathfiender.main - INFO - Products Router Include
2025-12-17 23:13:45,116 - pathfiender.main - INFO - Category Router Include
2025-12-17 23:13:45,155 - pathfiender.main - INFO - Auth Router Include
2025-12-17 23:13:45,158 - pathfiender.main - INFO - User Router Include
2025-12-17 23:13:45,158 - pathfiender.main - INFO - Shop Router Include
2025-12-17 23:13:45,161 - pathfiender.main - INFO - Products Router Include
2025-12-17 23:13:45,164 - pathfiender.main - INFO - Category Router Include
2025-12-17 23:13:45,165 - pathfiender.main - INFO - Application startup complete
2025-12-17 23:13:46,403 - pathfiender.auth_service - ERROR - При создании пользователя произошла ошибка | ID ошибки - aff3cee1-9abc-4078-b0e9-06cfdda15fe1 | Error - 'AsyncSession' object has no attribute 'session' | 
2025-12-17 23:13:57,906 - pathfiender.main - INFO - Application shutdown
2025-12-17 23:13:59,239 - pathfiender.main - INFO - Auth Router Include
2025-12-17 23:13:59,241 - pathfiender.main - INFO - User Router Include
2025-12-17 23:13:59,242 - pathfiender.main - INFO - Shop Router Include
2025-12-17 23:13:59,246 - pathfiender.main - INFO - Products Router Include
2025-12-17 23:13:59,250 - pathfiender.main - INFO - Category Router Include
2025-12-17 23:13:59,289 - pathfiender.main - INFO - Auth Router Include
2025-12-17 23:13:59,292 - pathfiender.main - INFO - User Router Include
2025-12-17 23:13:59,292 - pathfiender.main - INFO - Shop Router Include
2025-12-17 23:13:59,296 - pathfiender.main - INFO - Products Router Include
2025-12-17 23:13:59,298 - pathfiender.main - INFO - Category Router Include
2025-12-17 23:13:59,300 - pathfiender.main - INFO - Application startup complete
2025-12-17 23:14:01,554 - pathfiender.auth_service - ERROR - При создании пользователя произошла ошибка | ID ошибки - 8a6ae792-7715-4521-8088-52818ac870ca | Error - 'AsyncSession' object has no attribute 'session' | 
2025-12-17 23:14:50,455 - pathfiender.main - INFO - Application shutdown
2025-12-17 23:14:53,050 - pathfiender.main - INFO - Auth Router Include
2025-12-17 23:14:53,052 - pathfiender.main - INFO - User Router Include
2025-12-17 23:14:53,052 - pathfiender.main - INFO - Shop Router Include
2025-12-17 23:14:53,053 - pathfiender.main - INFO - Products Router Include
2025-12-17 23:14:53,057 - pathfiender.main - INFO - Category Router Include
2025-12-17 23:14:53,993 - pathfiender.main - INFO - Auth Router Include
2025-12-17 23:14:53,995 - pathfiender.main - INFO - User Router Include
2025-12-17 23:14:53,996 - pathfiender.main - INFO - Shop Router Include
2025-12-17 23:14:53,998 - pathfiender.main - INFO - Products Router Include
2025-12-17 23:14:54,002 - pathfiender.main - INFO - Category Router Include
2025-12-17 23:14:54,034 - pathfiender.main - INFO - Auth Router Include
2025-12-17 23:14:54,036 - pathfiender.main - INFO - User Router Include
2025-12-17 23:14:54,036 - pathfiender.main - INFO - Shop Router Include
2025-12-17 23:14:54,038 - pathfiender.main - INFO - Products Router Include
2025-12-17 23:14:54,041 - pathfiender.main - INFO - Category Router Include
2025-12-17 23:14:54,042 - pathfiender.main - INFO - Application startup complete
2025-12-17 23:14:56,205 - pathfiender.auth_service - ERROR - При создании пользователя произошла ошибка | ID ошибки - 160b2446-61a0-4913-ad5d-084d4cf0c17d | Error - 'AsyncSession' object has no attribute 'session' | 
2025-12-17 23:15:23,358 - pathfiender.main - INFO - Application shutdown
2025-12-17 23:15:24,702 - pathfiender.main - INFO - Auth Router Include
2025-12-17 23:15:24,705 - pathfiender.main - INFO - User Router Include
2025-12-17 23:15:24,706 - pathfiender.main - INFO - Shop Router Include
2025-12-17 23:15:24,711 - pathfiender.main - INFO - Products Router Include
2025-12-17 23:15:24,714 - pathfiender.main - INFO - Category Router Include
2025-12-17 23:15:24,757 - pathfiender.main - INFO - Auth Router Include
2025-12-17 23:15:24,760 - pathfiender.main - INFO - User Router Include
2025-12-17 23:15:24,761 - pathfiender.main - INFO - Shop Router Include
2025-12-17 23:15:24,764 - pathfiender.main - INFO - Products Router Include
2025-12-17 23:15:24,768 - pathfiender.main - INFO - Category Router Include
2025-12-17 23:15:24,769 - pathfiender.main - INFO - Application startup complete
2025-12-17 23:15:27,089 - pathfiender.auth_service - ERROR - При создании пользователя произошла ошибка | ID ошибки - bf024439-8d39-4f42-af64-52449fa3b8d5 | Error - 'AsyncSession' object has no attribute 'session' | 
2025-12-17 23:15:40,887 - pathfiender.main - INFO - Application shutdown
2025-12-17 23:15:42,164 - pathfiender.main - INFO - Auth Router Include
2025-12-17 23:15:42,166 - pathfiender.main - INFO - User Router Include
2025-12-17 23:15:42,167 - pathfiender.main - INFO - Shop Router Include
2025-12-17 23:15:42,170 - pathfiender.main - INFO - Products Router Include
2025-12-17 23:15:42,173 - pathfiender.main - INFO - Category Router Include
2025-12-17 23:15:42,212 - pathfiender.main - INFO - Auth Router Include
2025-12-17 23:15:42,214 - pathfiender.main - INFO - User Router Include
2025-12-17 23:15:42,216 - pathfiender.main - INFO - Shop Router Include
2025-12-17 23:15:42,218 - pathfiender.main - INFO - Products Router Include
2025-12-17 23:15:42,221 - pathfiender.main - INFO - Category Router Include
2025-12-17 23:15:42,223 - pathfiender.main - INFO - Application startup complete
2025-12-17 23:15:50,652 - pathfiender.auth_service - ERROR - При создании пользователя произошла ошибка | ID ошибки - 7e067334-a904-4fb4-a797-ce27657e8641 | Error - 'AsyncSession' object has no attribute 'session' | 
2025-12-17 23:16:04,257 - pathfiender.main - INFO - Application shutdown
2025-12-17 23:16:05,507 - pathfiender.main - INFO - Auth Router Include
2025-12-17 23:16:05,510 - pathfiender.main - INFO - User Router Include
2025-12-17 23:16:05,510 - pathfiender.main - INFO - Shop Router Include
2025-12-17 23:16:05,513 - pathfiender.main - INFO - Products Router Include
2025-12-17 23:16:05,515 - pathfiender.main - INFO - Category Router Include
2025-12-17 23:16:05,552 - pathfiender.main - INFO - Auth Router Include
2025-12-17 23:16:05,554 - pathfiender.main - INFO - User Router Include
2025-12-17 23:16:05,555 - pathfiender.main - INFO - Shop Router Include
2025-12-17 23:16:05,558 - pathfiender.main - INFO - Products Router Include
2025-12-17 23:16:05,561 - pathfiender.main - INFO - Category Router Include
2025-12-17 23:16:05,563 - pathfiender.main - INFO - Application startup complete
2025-12-17 23:16:07,501 - pathfiender.auth_service - ERROR - При создании пользователя произошла ошибка | ID ошибки - ef15c9d0-c264-4412-8ee0-d1ef6d24c28f | Error - 'AsyncSession' object has no attribute 'session' | 
2025-12-17 23:16:54,998 - pathfiender.main - INFO - Application shutdown
2025-12-17 23:17:25,240 - pathfiender.main - INFO - Auth Router Include
2025-12-17 23:17:25,242 - pathfiender.main - INFO - User Router Include
2025-12-17 23:17:25,243 - pathfiender.main - INFO - Shop Router Include
2025-12-17 23:17:25,247 - pathfiender.main - INFO - Products Router Include
2025-12-17 23:17:25,249 - pathfiender.main - INFO - Category Router Include
2025-12-17 23:17:26,332 - pathfiender.main - INFO - Auth Router Include
2025-12-17 23:17:26,335 - pathfiender.main - INFO - User Router Include
2025-12-17 23:17:26,336 - pathfiender.main - INFO - Shop Router Include
2025-12-17 23:17:26,340 - pathfiender.main - INFO - Products Router Include
2025-12-17 23:17:26,343 - pathfiender.main - INFO - Category Router Include
2025-12-17 23:17:26,385 - pathfiender.main - INFO - Auth Router Include
2025-12-17 23:17:26,386 - pathfiender.main - INFO - User Router Include
2025-12-17 23:17:26,387 - pathfiender.main - INFO - Shop Router Include
2025-12-17 23:17:26,390 - pathfiender.main - INFO - Products Router Include
2025-12-17 23:17:26,393 - pathfiender.main - INFO - Category Router Include
2025-12-17 23:17:26,395 - pathfiender.main - INFO - Application startup complete
2025-12-17 23:17:28,998 - pathfiender.auth_service - ERROR - При создании пользователя произошла ошибка | ID ошибки - bdeb94f4-c7d0-4035-a5b0-707e5713b4e0 | Error - 'AsyncSession' object has no attribute 'session' | 
2025-12-17 23:18:03,497 - pathfiender.main - INFO - Application shutdown
2025-12-17 23:18:04,808 - pathfiender.main - INFO - Auth Router Include
2025-12-17 23:18:04,810 - pathfiender.main - INFO - User Router Include
2025-12-17 23:18:04,811 - pathfiender.main - INFO - Shop Router Include
2025-12-17 23:18:04,814 - pathfiender.main - INFO - Products Router Include
2025-12-17 23:18:04,819 - pathfiender.main - INFO - Category Router Include
2025-12-17 23:18:04,863 - pathfiender.main - INFO - Auth Router Include
2025-12-17 23:18:04,865 - pathfiender.main - INFO - User Router Include
2025-12-17 23:18:04,866 - pathfiender.main - INFO - Shop Router Include
2025-12-17 23:18:04,870 - pathfiender.main - INFO - Products Router Include
2025-12-17 23:18:04,874 - pathfiender.main - INFO - Category Router Include
2025-12-17 23:18:04,875 - pathfiender.main - INFO - Application startup complete
2025-12-17 23:18:08,435 - pathfiender.auth_service - ERROR - При создании пользователя произошла ошибка | ID ошибки - 6b70a0bf-2129-47ae-bb35-342dd467273e | Error - 'AsyncSessionTransaction' object does not support the context manager protocol | 
2025-12-17 23:20:57,195 - pathfiender.main - INFO - Application shutdown
2025-12-17 23:20:58,515 - pathfiender.main - INFO - Auth Router Include
2025-12-17 23:20:58,518 - pathfiender.main - INFO - User Router Include
2025-12-17 23:20:58,519 - pathfiender.main - INFO - Shop Router Include
2025-12-17 23:20:58,522 - pathfiender.main - INFO - Products Router Include
2025-12-17 23:20:58,525 - pathfiender.main - INFO - Category Router Include
2025-12-17 23:20:58,564 - pathfiender.main - INFO - Auth Router Include
2025-12-17 23:20:58,566 - pathfiender.main - INFO - User Router Include
2025-12-17 23:20:58,567 - pathfiender.main - INFO - Shop Router Include
2025-12-17 23:20:58,571 - pathfiender.main - INFO - Products Router Include
2025-12-17 23:20:58,575 - pathfiender.main - INFO - Category Router Include
2025-12-17 23:20:58,577 - pathfiender.main - INFO - Application startup complete
2025-12-17 23:21:02,492 - pathfiender.auth_service - INFO - Пользователь создан: 2, email: awd@aw.ru
2025-12-17 23:21:14,708 - pathfiender.main - INFO - Application shutdown
2025-12-17 23:21:16,059 - pathfiender.main - INFO - Auth Router Include
2025-12-17 23:21:16,062 - pathfiender.main - INFO - User Router Include
2025-12-17 23:21:16,063 - pathfiender.main - INFO - Shop Router Include
2025-12-17 23:21:16,066 - pathfiender.main - INFO - Products Router Include
2025-12-17 23:21:16,071 - pathfiender.main - INFO - Category Router Include
2025-12-17 23:21:16,108 - pathfiender.main - INFO - Auth Router Include
2025-12-17 23:21:16,111 - pathfiender.main - INFO - User Router Include
2025-12-17 23:21:16,111 - pathfiender.main - INFO - Shop Router Include
2025-12-17 23:21:16,114 - pathfiender.main - INFO - Products Router Include
2025-12-17 23:21:16,117 - pathfiender.main - INFO - Category Router Include
2025-12-17 23:21:16,118 - pathfiender.main - INFO - Application startup complete
2025-12-17 23:21:18,242 - pathfiender.auth_service - ERROR - Пользователь с почтой awd@aw.ru уже создан
2025-12-17 23:21:25,938 - pathfiender.auth_service - INFO - Пользователь создан: 3, email: awd@waaw.ru
2025-12-17 23:21:25,939 - pathfiender.auth_service - ERROR - При создании пользователя произошла ошибка | ID ошибки - 59276695-c376-4fbc-b581-706c18a71b8b | Error - exceptions must derive from BaseException | 
2025-12-17 23:22:05,987 - pathfiender.main - INFO - Application shutdown
2025-12-17 23:22:07,399 - pathfiender.main - INFO - Auth Router Include
2025-12-17 23:22:07,401 - pathfiender.main - INFO - User Router Include
2025-12-17 23:22:07,402 - pathfiender.main - INFO - Shop Router Include
2025-12-17 23:22:07,404 - pathfiender.main - INFO - Products Router Include
2025-12-17 23:22:07,408 - pathfiender.main - INFO - Category Router Include
2025-12-17 23:22:07,445 - pathfiender.main - INFO - Auth Router Include
2025-12-17 23:22:07,448 - pathfiender.main - INFO - User Router Include
2025-12-17 23:22:07,449 - pathfiender.main - INFO - Shop Router Include
2025-12-17 23:22:07,451 - pathfiender.main - INFO - Products Router Include
2025-12-17 23:22:07,454 - pathfiender.main - INFO - Category Router Include
2025-12-17 23:22:07,455 - pathfiender.main - INFO - Application startup complete
2025-12-17 23:22:09,974 - pathfiender.auth_service - ERROR - Пользователь с почтой awd@waaw.ru уже создан
2025-12-17 23:22:29,826 - pathfiender.main - INFO - Application shutdown
2025-12-17 23:22:31,108 - pathfiender.main - INFO - Auth Router Include
2025-12-17 23:22:31,110 - pathfiender.main - INFO - User Router Include
2025-12-17 23:22:31,111 - pathfiender.main - INFO - Shop Router Include
2025-12-17 23:22:31,114 - pathfiender.main - INFO - Products Router Include
2025-12-17 23:22:31,118 - pathfiender.main - INFO - Category Router Include
2025-12-17 23:22:31,154 - pathfiender.main - INFO - Auth Router Include
2025-12-17 23:22:31,157 - pathfiender.main - INFO - User Router Include
2025-12-17 23:22:31,157 - pathfiender.main - INFO - Shop Router Include
2025-12-17 23:22:31,160 - pathfiender.main - INFO - Products Router Include
2025-12-17 23:22:31,163 - pathfiender.main - INFO - Category Router Include
2025-12-17 23:22:31,165 - pathfiender.main - INFO - Application startup complete
2025-12-17 23:22:38,640 - pathfiender.auth_service - INFO - Пользователь создан: 4, email: awd@waaawdw.ru
2025-12-17 23:22:38,643 - pathfiender.auth_service - ERROR - При создании пользователя произошла ошибка | ID ошибки - 07832a46-f303-480e-87e0-9bdae0cd9e46 | Error - exceptions must derive from BaseException | 
2025-12-17 23:22:56,132 - pathfiender.main - INFO - Application shutdown
2025-12-17 23:22:57,416 - pathfiender.main - INFO - Auth Router Include
2025-12-17 23:22:57,418 - pathfiender.main - INFO - User Router Include
2025-12-17 23:22:57,418 - pathfiender.main - INFO - Shop Router Include
2025-12-17 23:22:57,421 - pathfiender.main - INFO - Products Router Include
2025-12-17 23:22:57,425 - pathfiender.main - INFO - Category Router Include
2025-12-17 23:22:57,460 - pathfiender.main - INFO - Auth Router Include
2025-12-17 23:22:57,463 - pathfiender.main - INFO - User Router Include
2025-12-17 23:22:57,463 - pathfiender.main - INFO - Shop Router Include
2025-12-17 23:22:57,467 - pathfiender.main - INFO - Products Router Include
2025-12-17 23:22:57,470 - pathfiender.main - INFO - Category Router Include
2025-12-17 23:22:57,471 - pathfiender.main - INFO - Application startup complete
2025-12-17 23:23:01,260 - pathfiender.main - INFO - Application shutdown
2025-12-17 23:23:02,593 - pathfiender.main - INFO - Auth Router Include
2025-12-17 23:23:02,595 - pathfiender.main - INFO - User Router Include
2025-12-17 23:23:02,595 - pathfiender.main - INFO - Shop Router Include
2025-12-17 23:23:02,599 - pathfiender.main - INFO - Products Router Include
2025-12-17 23:23:02,602 - pathfiender.main - INFO - Category Router Include
2025-12-17 23:23:02,646 - pathfiender.main - INFO - Auth Router Include
2025-12-17 23:23:02,648 - pathfiender.main - INFO - User Router Include
2025-12-17 23:23:02,649 - pathfiender.main - INFO - Shop Router Include
2025-12-17 23:23:02,651 - pathfiender.main - INFO - Products Router Include
2025-12-17 23:23:02,655 - pathfiender.main - INFO - Category Router Include
2025-12-17 23:23:02,655 - pathfiender.main - INFO - Application startup complete
2025-12-17 23:23:05,351 - pathfiender.auth_service - ERROR - Пользователь с почтой awd@waaawdw.ru уже создан
2025-12-17 23:24:11,906 - pathfiender.main - INFO - Application shutdown
2025-12-17 23:24:13,172 - pathfiender.main - INFO - Auth Router Include
2025-12-17 23:24:13,175 - pathfiender.main - INFO - User Router Include
2025-12-17 23:24:13,176 - pathfiender.main - INFO - Shop Router Include
2025-12-17 23:24:13,180 - pathfiender.main - INFO - Products Router Include
2025-12-17 23:24:13,184 - pathfiender.main - INFO - Category Router Include
2025-12-17 23:24:13,230 - pathfiender.main - INFO - Auth Router Include
2025-12-17 23:24:13,233 - pathfiender.main - INFO - User Router Include
2025-12-17 23:24:13,234 - pathfiender.main - INFO - Shop Router Include
2025-12-17 23:24:13,237 - pathfiender.main - INFO - Products Router Include
2025-12-17 23:24:13,241 - pathfiender.main - INFO - Category Router Include
2025-12-17 23:24:13,243 - pathfiender.main - INFO - Application startup complete
2025-12-17 23:24:15,471 - pathfiender.auth_service - ERROR - Пользователь с почтой awd@waaawdw.ru уже создан
2025-12-17 23:24:21,537 - pathfiender.auth_service - ERROR - При создании пользователя произошла ошибка | ID ошибки - 6072bb81-3e68-497a-9739-52a23a40dce6 | Error - exceptions must derive from BaseException | 
2025-12-17 23:25:09,080 - pathfiender.main - INFO - Application shutdown
2025-12-17 23:25:10,377 - pathfiender.main - INFO - Auth Router Include
2025-12-17 23:25:10,379 - pathfiender.main - INFO - User Router Include
2025-12-17 23:25:10,380 - pathfiender.main - INFO - Shop Router Include
2025-12-17 23:25:10,384 - pathfiender.main - INFO - Products Router Include
2025-12-17 23:25:10,388 - pathfiender.main - INFO - Category Router Include
2025-12-17 23:25:10,425 - pathfiender.main - INFO - Auth Router Include
2025-12-17 23:25:10,426 - pathfiender.main - INFO - User Router Include
2025-12-17 23:25:10,427 - pathfiender.main - INFO - Shop Router Include
2025-12-17 23:25:10,429 - pathfiender.main - INFO - Products Router Include
2025-12-17 23:25:10,431 - pathfiender.main - INFO - Category Router Include
2025-12-17 23:25:10,432 - pathfiender.main - INFO - Application startup complete
2025-12-17 23:25:12,304 - pathfiender.auth_service - ERROR - При создании пользователя произошла ошибка | ID ошибки - f57bea79-3db3-40ad-a021-0c484ca56d8d | Error - Govno | 
2025-12-17 23:25:37,428 - pathfiender.main - INFO - Application shutdown
2025-12-17 23:25:38,718 - pathfiender.main - INFO - Auth Router Include
2025-12-17 23:25:38,720 - pathfiender.main - INFO - User Router Include
2025-12-17 23:25:38,721 - pathfiender.main - INFO - Shop Router Include
2025-12-17 23:25:38,724 - pathfiender.main - INFO - Products Router Include
2025-12-17 23:25:38,728 - pathfiender.main - INFO - Category Router Include
2025-12-17 23:25:38,767 - pathfiender.main - INFO - Auth Router Include
2025-12-17 23:25:38,769 - pathfiender.main - INFO - User Router Include
2025-12-17 23:25:38,770 - pathfiender.main - INFO - Shop Router Include
2025-12-17 23:25:38,773 - pathfiender.main - INFO - Products Router Include
2025-12-17 23:25:38,775 - pathfiender.main - INFO - Category Router Include
2025-12-17 23:25:38,777 - pathfiender.main - INFO - Application startup complete
2025-12-17 23:26:02,841 - pathfiender.main - INFO - Application shutdown
2025-12-17 23:26:04,004 - pathfiender.main - INFO - Auth Router Include
2025-12-17 23:26:04,006 - pathfiender.main - INFO - User Router Include
2025-12-17 23:26:04,007 - pathfiender.main - INFO - Shop Router Include
2025-12-17 23:26:04,010 - pathfiender.main - INFO - Products Router Include
2025-12-17 23:26:04,013 - pathfiender.main - INFO - Category Router Include
2025-12-17 23:26:04,047 - pathfiender.main - INFO - Auth Router Include
2025-12-17 23:26:04,049 - pathfiender.main - INFO - User Router Include
2025-12-17 23:26:04,050 - pathfiender.main - INFO - Shop Router Include
2025-12-17 23:26:04,053 - pathfiender.main - INFO - Products Router Include
2025-12-17 23:26:04,055 - pathfiender.main - INFO - Category Router Include
2025-12-17 23:26:04,056 - pathfiender.main - INFO - Application startup complete
2025-12-17 23:26:14,039 - pathfiender.main - INFO - Application shutdown
2025-12-17 23:26:15,367 - pathfiender.main - INFO - Auth Router Include
2025-12-17 23:26:15,369 - pathfiender.main - INFO - User Router Include
2025-12-17 23:26:15,369 - pathfiender.main - INFO - Shop Router Include
2025-12-17 23:26:15,373 - pathfiender.main - INFO - Products Router Include
2025-12-17 23:26:15,376 - pathfiender.main - INFO - Category Router Include
2025-12-17 23:26:15,412 - pathfiender.main - INFO - Auth Router Include
2025-12-17 23:26:15,414 - pathfiender.main - INFO - User Router Include
2025-12-17 23:26:15,414 - pathfiender.main - INFO - Shop Router Include
2025-12-17 23:26:15,418 - pathfiender.main - INFO - Products Router Include
2025-12-17 23:26:15,420 - pathfiender.main - INFO - Category Router Include
2025-12-17 23:26:15,421 - pathfiender.main - INFO - Application startup complete
2025-12-17 23:26:30,505 - pathfiender.main - INFO - Application shutdown
2025-12-17 23:26:31,823 - pathfiender.main - INFO - Auth Router Include
2025-12-17 23:26:31,825 - pathfiender.main - INFO - User Router Include
2025-12-17 23:26:31,826 - pathfiender.main - INFO - Shop Router Include
2025-12-17 23:26:31,829 - pathfiender.main - INFO - Products Router Include
2025-12-17 23:26:31,832 - pathfiender.main - INFO - Category Router Include
2025-12-17 23:26:31,876 - pathfiender.main - INFO - Auth Router Include
2025-12-17 23:26:31,879 - pathfiender.main - INFO - User Router Include
2025-12-17 23:26:31,879 - pathfiender.main - INFO - Shop Router Include
2025-12-17 23:26:31,882 - pathfiender.main - INFO - Products Router Include
2025-12-17 23:26:31,886 - pathfiender.main - INFO - Category Router Include
2025-12-17 23:26:31,888 - pathfiender.main - INFO - Application startup complete
2025-12-17 23:26:39,455 - pathfiender.auth_service - ERROR - При создании токенов | ID ошибки - a179f01e-d7f4-4d0c-b4f4-dcc03132f8ac | Error - Govno | 
2025-12-17 23:26:43,789 - pathfiender.main - INFO - Application shutdown
2025-12-17 23:26:45,041 - pathfiender.main - INFO - Auth Router Include
2025-12-17 23:26:45,043 - pathfiender.main - INFO - User Router Include
2025-12-17 23:26:45,043 - pathfiender.main - INFO - Shop Router Include
2025-12-17 23:26:45,047 - pathfiender.main - INFO - Products Router Include
2025-12-17 23:26:45,049 - pathfiender.main - INFO - Category Router Include
2025-12-17 23:26:45,079 - pathfiender.main - INFO - Auth Router Include
2025-12-17 23:26:45,082 - pathfiender.main - INFO - User Router Include
2025-12-17 23:26:45,082 - pathfiender.main - INFO - Shop Router Include
2025-12-17 23:26:45,085 - pathfiender.main - INFO - Products Router Include
2025-12-17 23:26:45,087 - pathfiender.main - INFO - Category Router Include
2025-12-17 23:26:45,088 - pathfiender.main - INFO - Application startup complete
2025-12-17 23:28:21,664 - pathfiender.main - INFO - Application shutdown
2025-12-17 23:28:22,842 - pathfiender.main - INFO - Auth Router Include
2025-12-17 23:28:22,844 - pathfiender.main - INFO - User Router Include
2025-12-17 23:28:22,845 - pathfiender.main - INFO - Shop Router Include
2025-12-17 23:28:22,847 - pathfiender.main - INFO - Products Router Include
2025-12-17 23:28:22,850 - pathfiender.main - INFO - Category Router Include
2025-12-17 23:28:22,883 - pathfiender.main - INFO - Auth Router Include
2025-12-17 23:28:22,885 - pathfiender.main - INFO - User Router Include
2025-12-17 23:28:22,885 - pathfiender.main - INFO - Shop Router Include
2025-12-17 23:28:22,887 - pathfiender.main - INFO - Products Router Include
2025-12-17 23:28:22,889 - pathfiender.main - INFO - Category Router Include
2025-12-17 23:28:22,890 - pathfiender.main - INFO - Application startup complete
2025-12-17 23:29:39,131 - pathfiender.main - INFO - Application shutdown
2025-12-17 23:29:40,449 - pathfiender.main - INFO - Auth Router Include
2025-12-17 23:29:40,452 - pathfiender.main - INFO - User Router Include
2025-12-17 23:29:40,452 - pathfiender.main - INFO - Shop Router Include
2025-12-17 23:29:40,456 - pathfiender.main - INFO - Products Router Include
2025-12-17 23:29:40,460 - pathfiender.main - INFO - Category Router Include
2025-12-17 23:29:40,499 - pathfiender.main - INFO - Auth Router Include
2025-12-17 23:29:40,501 - pathfiender.main - INFO - User Router Include
2025-12-17 23:29:40,502 - pathfiender.main - INFO - Shop Router Include
2025-12-17 23:29:40,504 - pathfiender.main - INFO - Products Router Include
2025-12-17 23:29:40,507 - pathfiender.main - INFO - Category Router Include
2025-12-17 23:29:40,508 - pathfiender.main - INFO - Application startup complete
2025-12-17 23:30:15,094 - pathfiender.main - INFO - Application shutdown
2025-12-17 23:30:16,378 - pathfiender.main - INFO - Auth Router Include
2025-12-17 23:30:16,381 - pathfiender.main - INFO - User Router Include
2025-12-17 23:30:16,382 - pathfiender.main - INFO - Shop Router Include
2025-12-17 23:30:16,385 - pathfiender.main - INFO - Products Router Include
2025-12-17 23:30:16,389 - pathfiender.main - INFO - Category Router Include
2025-12-17 23:30:16,429 - pathfiender.main - INFO - Auth Router Include
2025-12-17 23:30:16,431 - pathfiender.main - INFO - User Router Include
2025-12-17 23:30:16,432 - pathfiender.main - INFO - Shop Router Include
2025-12-17 23:30:16,434 - pathfiender.main - INFO - Products Router Include
2025-12-17 23:30:16,438 - pathfiender.main - INFO - Category Router Include
2025-12-17 23:30:16,439 - pathfiender.main - INFO - Application startup complete
2025-12-17 23:31:58,648 - pathfiender.main - INFO - Application shutdown
2025-12-17 23:31:59,818 - pathfiender.main - INFO - Auth Router Include
2025-12-17 23:31:59,820 - pathfiender.main - INFO - User Router Include
2025-12-17 23:31:59,821 - pathfiender.main - INFO - Shop Router Include
2025-12-17 23:31:59,824 - pathfiender.main - INFO - Products Router Include
2025-12-17 23:31:59,826 - pathfiender.main - INFO - Category Router Include
2025-12-17 23:31:59,860 - pathfiender.main - INFO - Auth Router Include
2025-12-17 23:31:59,862 - pathfiender.main - INFO - User Router Include
2025-12-17 23:31:59,863 - pathfiender.main - INFO - Shop Router Include
2025-12-17 23:31:59,866 - pathfiender.main - INFO - Products Router Include
2025-12-17 23:31:59,869 - pathfiender.main - INFO - Category Router Include
2025-12-17 23:31:59,870 - pathfiender.main - INFO - Application startup complete
2025-12-17 23:32:33,258 - pathfiender.main - INFO - Application shutdown
2025-12-17 23:32:34,567 - pathfiender.main - INFO - Auth Router Include
2025-12-17 23:32:34,570 - pathfiender.main - INFO - User Router Include
2025-12-17 23:32:34,571 - pathfiender.main - INFO - Shop Router Include
2025-12-17 23:32:34,575 - pathfiender.main - INFO - Products Router Include
2025-12-17 23:32:34,579 - pathfiender.main - INFO - Category Router Include
2025-12-17 23:32:34,620 - pathfiender.main - INFO - Auth Router Include
2025-12-17 23:32:34,622 - pathfiender.main - INFO - User Router Include
2025-12-17 23:32:34,623 - pathfiender.main - INFO - Shop Router Include
2025-12-17 23:32:34,626 - pathfiender.main - INFO - Products Router Include
2025-12-17 23:32:34,629 - pathfiender.main - INFO - Category Router Include
2025-12-17 23:32:34,630 - pathfiender.main - INFO - Application startup complete
2025-12-17 23:32:36,807 - pathfiender.main - INFO - Application shutdown
2025-12-17 23:32:38,008 - pathfiender.main - INFO - Auth Router Include
2025-12-17 23:32:38,010 - pathfiender.main - INFO - User Router Include
2025-12-17 23:32:38,011 - pathfiender.main - INFO - Shop Router Include
2025-12-17 23:32:38,013 - pathfiender.main - INFO - Products Router Include
2025-12-17 23:32:38,016 - pathfiender.main - INFO - Category Router Include
2025-12-17 23:32:38,048 - pathfiender.main - INFO - Auth Router Include
2025-12-17 23:32:38,049 - pathfiender.main - INFO - User Router Include
2025-12-17 23:32:38,049 - pathfiender.main - INFO - Shop Router Include
2025-12-17 23:32:38,052 - pathfiender.main - INFO - Products Router Include
2025-12-17 23:32:38,054 - pathfiender.main - INFO - Category Router Include
2025-12-17 23:32:38,055 - pathfiender.main - INFO - Application startup complete
2025-12-17 23:35:16,944 - pathfiender.main - INFO - Application shutdown
2025-12-17 23:35:18,261 - pathfiender.main - INFO - Auth Router Include
2025-12-17 23:35:18,263 - pathfiender.main - INFO - User Router Include
2025-12-17 23:35:18,264 - pathfiender.main - INFO - Shop Router Include
2025-12-17 23:35:18,267 - pathfiender.main - INFO - Products Router Include
2025-12-17 23:35:18,270 - pathfiender.main - INFO - Category Router Include
2025-12-17 23:35:18,309 - pathfiender.main - INFO - Auth Router Include
2025-12-17 23:35:18,311 - pathfiender.main - INFO - User Router Include
2025-12-17 23:35:18,311 - pathfiender.main - INFO - Shop Router Include
2025-12-17 23:35:18,314 - pathfiender.main - INFO - Products Router Include
2025-12-17 23:35:18,318 - pathfiender.main - INFO - Category Router Include
2025-12-17 23:35:18,319 - pathfiender.main - INFO - Application startup complete
2025-12-17 23:35:26,565 - pathfiender.main - INFO - Application shutdown
2025-12-17 23:35:27,897 - pathfiender.main - INFO - Auth Router Include
2025-12-17 23:35:27,899 - pathfiender.main - INFO - User Router Include
2025-12-17 23:35:27,899 - pathfiender.main - INFO - Shop Router Include
2025-12-17 23:35:27,901 - pathfiender.main - INFO - Products Router Include
2025-12-17 23:35:27,904 - pathfiender.main - INFO - Category Router Include
2025-12-17 23:35:27,936 - pathfiender.main - INFO - Auth Router Include
2025-12-17 23:35:27,938 - pathfiender.main - INFO - User Router Include
2025-12-17 23:35:27,939 - pathfiender.main - INFO - Shop Router Include
2025-12-17 23:35:27,941 - pathfiender.main - INFO - Products Router Include
2025-12-17 23:35:27,943 - pathfiender.main - INFO - Category Router Include
2025-12-17 23:35:27,944 - pathfiender.main - INFO - Application startup complete
2025-12-17 23:35:33,043 - pathfiender.main - INFO - Application shutdown
2025-12-17 23:35:34,358 - pathfiender.main - INFO - Auth Router Include
2025-12-17 23:35:34,361 - pathfiender.main - INFO - User Router Include
2025-12-17 23:35:34,361 - pathfiender.main - INFO - Shop Router Include
2025-12-17 23:35:34,364 - pathfiender.main - INFO - Products Router Include
2025-12-17 23:35:34,367 - pathfiender.main - INFO - Category Router Include
2025-12-17 23:35:34,401 - pathfiender.main - INFO - Auth Router Include
2025-12-17 23:35:34,402 - pathfiender.main - INFO - User Router Include
2025-12-17 23:35:34,403 - pathfiender.main - INFO - Shop Router Include
2025-12-17 23:35:34,405 - pathfiender.main - INFO - Products Router Include
2025-12-17 23:35:34,408 - pathfiender.main - INFO - Category Router Include
2025-12-17 23:35:34,409 - pathfiender.main - INFO - Application startup complete
2025-12-17 23:35:40,247 - pathfiender.main - INFO - Application shutdown
2025-12-17 23:35:41,476 - pathfiender.main - INFO - Auth Router Include
2025-12-17 23:35:41,479 - pathfiender.main - INFO - User Router Include
2025-12-17 23:35:41,479 - pathfiender.main - INFO - Shop Router Include
2025-12-17 23:35:41,482 - pathfiender.main - INFO - Products Router Include
2025-12-17 23:35:41,485 - pathfiender.main - INFO - Category Router Include
2025-12-17 23:35:41,519 - pathfiender.main - INFO - Auth Router Include
2025-12-17 23:35:41,522 - pathfiender.main - INFO - User Router Include
2025-12-17 23:35:41,522 - pathfiender.main - INFO - Shop Router Include
2025-12-17 23:35:41,526 - pathfiender.main - INFO - Products Router Include
2025-12-17 23:35:41,529 - pathfiender.main - INFO - Category Router Include
2025-12-17 23:35:41,530 - pathfiender.main - INFO - Application startup complete
2025-12-17 23:37:24,606 - pathfiender.main - INFO - Application shutdown
2025-12-17 23:37:25,905 - pathfiender.main - INFO - Auth Router Include
2025-12-17 23:37:25,907 - pathfiender.main - INFO - User Router Include
2025-12-17 23:37:25,908 - pathfiender.main - INFO - Shop Router Include
2025-12-17 23:37:25,911 - pathfiender.main - INFO - Products Router Include
2025-12-17 23:37:25,915 - pathfiender.main - INFO - Category Router Include
2025-12-17 23:37:25,955 - pathfiender.main - INFO - Auth Router Include
2025-12-17 23:37:25,957 - pathfiender.main - INFO - User Router Include
2025-12-17 23:37:25,957 - pathfiender.main - INFO - Shop Router Include
2025-12-17 23:37:25,960 - pathfiender.main - INFO - Products Router Include
2025-12-17 23:37:25,963 - pathfiender.main - INFO - Category Router Include
2025-12-17 23:37:25,964 - pathfiender.main - INFO - Application startup complete
2025-12-17 23:38:34,338 - pathfiender.main - INFO - Application shutdown
2025-12-17 23:38:35,589 - pathfiender.main - INFO - Auth Router Include
2025-12-17 23:38:35,592 - pathfiender.main - INFO - User Router Include
2025-12-17 23:38:35,592 - pathfiender.main - INFO - Shop Router Include
2025-12-17 23:38:35,595 - pathfiender.main - INFO - Products Router Include
2025-12-17 23:38:35,597 - pathfiender.main - INFO - Category Router Include
2025-12-17 23:38:35,638 - pathfiender.main - INFO - Auth Router Include
2025-12-17 23:38:35,641 - pathfiender.main - INFO - User Router Include
2025-12-17 23:38:35,641 - pathfiender.main - INFO - Shop Router Include
2025-12-17 23:38:35,644 - pathfiender.main - INFO - Products Router Include
2025-12-17 23:38:35,648 - pathfiender.main - INFO - Category Router Include
2025-12-17 23:38:35,649 - pathfiender.main - INFO - Application startup complete
2025-12-17 23:39:23,168 - pathfiender.main - INFO - Application shutdown
2025-12-17 23:39:48,534 - pathfiender.main - INFO - Auth Router Include
2025-12-17 23:39:48,537 - pathfiender.main - INFO - User Router Include
2025-12-17 23:39:48,537 - pathfiender.main - INFO - Shop Router Include
2025-12-17 23:39:48,541 - pathfiender.main - INFO - Products Router Include
2025-12-17 23:39:48,543 - pathfiender.main - INFO - Category Router Include
2025-12-17 23:39:49,598 - pathfiender.main - INFO - Auth Router Include
2025-12-17 23:39:49,601 - pathfiender.main - INFO - User Router Include
2025-12-17 23:39:49,602 - pathfiender.main - INFO - Shop Router Include
2025-12-17 23:39:49,605 - pathfiender.main - INFO - Products Router Include
2025-12-17 23:39:49,608 - pathfiender.main - INFO - Category Router Include
2025-12-17 23:39:49,646 - pathfiender.main - INFO - Auth Router Include
2025-12-17 23:39:49,648 - pathfiender.main - INFO - User Router Include
2025-12-17 23:39:49,649 - pathfiender.main - INFO - Shop Router Include
2025-12-17 23:39:49,652 - pathfiender.main - INFO - Products Router Include
2025-12-17 23:39:49,655 - pathfiender.main - INFO - Category Router Include
2025-12-17 23:39:49,656 - pathfiender.main - INFO - Application startup complete
2025-12-17 23:39:56,465 - pathfiender.main - INFO - Application shutdown
2025-12-17 23:41:04,735 - pathfiender.main - INFO - Auth Router Include
2025-12-17 23:41:04,737 - pathfiender.main - INFO - User Router Include
2025-12-17 23:41:04,738 - pathfiender.main - INFO - Shop Router Include
2025-12-17 23:41:04,740 - pathfiender.main - INFO - Products Router Include
2025-12-17 23:41:04,743 - pathfiender.main - INFO - Category Router Include
2025-12-17 23:41:05,696 - pathfiender.main - INFO - Auth Router Include
2025-12-17 23:41:05,697 - pathfiender.main - INFO - User Router Include
2025-12-17 23:41:05,699 - pathfiender.main - INFO - Shop Router Include
2025-12-17 23:41:05,701 - pathfiender.main - INFO - Products Router Include
2025-12-17 23:41:05,703 - pathfiender.main - INFO - Category Router Include
2025-12-17 23:41:05,737 - pathfiender.main - INFO - Auth Router Include
2025-12-17 23:41:05,740 - pathfiender.main - INFO - User Router Include
2025-12-17 23:41:05,741 - pathfiender.main - INFO - Shop Router Include
2025-12-17 23:41:05,743 - pathfiender.main - INFO - Products Router Include
2025-12-17 23:41:05,746 - pathfiender.main - INFO - Category Router Include
2025-12-17 23:41:05,747 - pathfiender.main - INFO - Application startup complete
2025-12-17 23:41:08,615 - pathfiender.category_service - ERROR - При создании пользователя произошла ошибка | ID ошибки - 7c8078fb-98af-4c14-8ce9-7912fdf278e3 | Error - 'coroutine' object has no attribute 'id' | 
2025-12-17 23:42:12,375 - pathfiender.main - INFO - Application shutdown
2025-12-17 23:42:13,699 - pathfiender.main - INFO - Auth Router Include
2025-12-17 23:42:13,703 - pathfiender.main - INFO - User Router Include
2025-12-17 23:42:13,704 - pathfiender.main - INFO - Shop Router Include
2025-12-17 23:42:13,707 - pathfiender.main - INFO - Products Router Include
2025-12-17 23:42:13,711 - pathfiender.main - INFO - Category Router Include
2025-12-17 23:42:13,749 - pathfiender.main - INFO - Auth Router Include
2025-12-17 23:42:13,751 - pathfiender.main - INFO - User Router Include
2025-12-17 23:42:13,751 - pathfiender.main - INFO - Shop Router Include
2025-12-17 23:42:13,753 - pathfiender.main - INFO - Products Router Include
2025-12-17 23:42:13,757 - pathfiender.main - INFO - Category Router Include
2025-12-17 23:42:13,758 - pathfiender.main - INFO - Application startup complete
2025-12-17 23:42:17,220 - pathfiender.main - INFO - Application shutdown
2025-12-17 23:42:18,520 - pathfiender.main - INFO - Auth Router Include
2025-12-17 23:42:18,523 - pathfiender.main - INFO - User Router Include
2025-12-17 23:42:18,524 - pathfiender.main - INFO - Shop Router Include
2025-12-17 23:42:18,527 - pathfiender.main - INFO - Products Router Include
2025-12-17 23:42:18,531 - pathfiender.main - INFO - Category Router Include
2025-12-17 23:42:18,571 - pathfiender.main - INFO - Auth Router Include
2025-12-17 23:42:18,573 - pathfiender.main - INFO - User Router Include
2025-12-17 23:42:18,574 - pathfiender.main - INFO - Shop Router Include
2025-12-17 23:42:18,576 - pathfiender.main - INFO - Products Router Include
2025-12-17 23:42:18,579 - pathfiender.main - INFO - Category Router Include
2025-12-17 23:42:18,580 - pathfiender.main - INFO - Application startup complete
2025-12-17 23:42:33,716 - pathfiender.main - INFO - Application shutdown
2025-12-17 23:42:35,085 - pathfiender.main - INFO - Auth Router Include
2025-12-17 23:42:35,087 - pathfiender.main - INFO - User Router Include
2025-12-17 23:42:35,087 - pathfiender.main - INFO - Shop Router Include
2025-12-17 23:42:35,092 - pathfiender.main - INFO - Products Router Include
2025-12-17 23:42:35,095 - pathfiender.main - INFO - Category Router Include
2025-12-17 23:42:35,133 - pathfiender.main - INFO - Auth Router Include
2025-12-17 23:42:35,135 - pathfiender.main - INFO - User Router Include
2025-12-17 23:42:35,136 - pathfiender.main - INFO - Shop Router Include
2025-12-17 23:42:35,138 - pathfiender.main - INFO - Products Router Include
2025-12-17 23:42:35,141 - pathfiender.main - INFO - Category Router Include
2025-12-17 23:42:35,142 - pathfiender.main - INFO - Application startup complete
2025-12-17 23:42:37,571 - pathfiender.category_service - INFO - Категория успешно создана: 1 | string
2025-12-17 23:44:10,743 - pathfiender.main - INFO - Application shutdown
2025-12-17 23:44:11,974 - pathfiender.main - INFO - Auth Router Include
2025-12-17 23:44:11,976 - pathfiender.main - INFO - User Router Include
2025-12-17 23:44:11,976 - pathfiender.main - INFO - Shop Router Include
2025-12-17 23:44:11,979 - pathfiender.main - INFO - Products Router Include
2025-12-17 23:44:11,982 - pathfiender.main - INFO - Category Router Include
2025-12-17 23:44:12,017 - pathfiender.main - INFO - Auth Router Include
2025-12-17 23:44:12,022 - pathfiender.main - INFO - User Router Include
2025-12-17 23:44:12,022 - pathfiender.main - INFO - Shop Router Include
2025-12-17 23:44:12,024 - pathfiender.main - INFO - Products Router Include
2025-12-17 23:44:12,028 - pathfiender.main - INFO - Category Router Include
2025-12-17 23:44:12,029 - pathfiender.main - INFO - Application startup complete
2025-12-17 23:44:17,679 - pathfiender.main - INFO - Application shutdown
2025-12-17 23:44:18,960 - pathfiender.main - INFO - Auth Router Include
2025-12-17 23:44:18,962 - pathfiender.main - INFO - User Router Include
2025-12-17 23:44:18,964 - pathfiender.main - INFO - Shop Router Include
2025-12-17 23:44:18,967 - pathfiender.main - INFO - Products Router Include
2025-12-17 23:44:18,970 - pathfiender.main - INFO - Category Router Include
2025-12-17 23:44:19,010 - pathfiender.main - INFO - Auth Router Include
2025-12-17 23:44:19,013 - pathfiender.main - INFO - User Router Include
2025-12-17 23:44:19,014 - pathfiender.main - INFO - Shop Router Include
2025-12-17 23:44:19,016 - pathfiender.main - INFO - Products Router Include
2025-12-17 23:44:19,019 - pathfiender.main - INFO - Category Router Include
2025-12-17 23:44:19,020 - pathfiender.main - INFO - Application startup complete
2025-12-17 23:44:45,274 - pathfiender.main - INFO - Application shutdown
2025-12-17 23:44:46,488 - pathfiender.main - INFO - Auth Router Include
2025-12-17 23:44:46,490 - pathfiender.main - INFO - User Router Include
2025-12-17 23:44:46,491 - pathfiender.main - INFO - Shop Router Include
2025-12-17 23:44:46,493 - pathfiender.main - INFO - Products Router Include
2025-12-17 23:44:46,497 - pathfiender.main - INFO - Category Router Include
2025-12-17 23:44:46,533 - pathfiender.main - INFO - Auth Router Include
2025-12-17 23:44:46,537 - pathfiender.main - INFO - User Router Include
2025-12-17 23:44:46,537 - pathfiender.main - INFO - Shop Router Include
2025-12-17 23:44:46,540 - pathfiender.main - INFO - Products Router Include
2025-12-17 23:44:46,543 - pathfiender.main - INFO - Category Router Include
2025-12-17 23:44:46,544 - pathfiender.main - INFO - Application startup complete
2025-12-17 23:45:46,220 - pathfiender.main - INFO - Application shutdown
2025-12-17 23:45:47,466 - pathfiender.main - INFO - Auth Router Include
2025-12-17 23:45:47,468 - pathfiender.main - INFO - User Router Include
2025-12-17 23:45:47,469 - pathfiender.main - INFO - Shop Router Include
2025-12-17 23:45:47,472 - pathfiender.main - INFO - Products Router Include
2025-12-17 23:45:47,475 - pathfiender.main - INFO - Category Router Include
2025-12-17 23:45:47,519 - pathfiender.main - INFO - Auth Router Include
2025-12-17 23:45:47,522 - pathfiender.main - INFO - User Router Include
2025-12-17 23:45:47,522 - pathfiender.main - INFO - Shop Router Include
2025-12-17 23:45:47,525 - pathfiender.main - INFO - Products Router Include
2025-12-17 23:45:47,529 - pathfiender.main - INFO - Category Router Include
2025-12-17 23:45:47,530 - pathfiender.main - INFO - Application startup complete
2025-12-17 23:47:10,646 - pathfiender.main - INFO - Application shutdown
2025-12-17 23:47:11,858 - pathfiender.main - INFO - Auth Router Include
2025-12-17 23:47:11,860 - pathfiender.main - INFO - User Router Include
2025-12-17 23:47:11,861 - pathfiender.main - INFO - Shop Router Include
2025-12-17 23:47:11,865 - pathfiender.main - INFO - Products Router Include
2025-12-17 23:47:11,868 - pathfiender.main - INFO - Category Router Include
2025-12-17 23:47:11,903 - pathfiender.main - INFO - Auth Router Include
2025-12-17 23:47:11,907 - pathfiender.main - INFO - User Router Include
2025-12-17 23:47:11,908 - pathfiender.main - INFO - Shop Router Include
2025-12-17 23:47:11,911 - pathfiender.main - INFO - Products Router Include
2025-12-17 23:47:11,915 - pathfiender.main - INFO - Category Router Include
2025-12-17 23:47:11,916 - pathfiender.main - INFO - Application startup complete
2025-12-17 23:47:13,103 - pathfiender.main - INFO - Application shutdown
2025-12-17 23:47:14,381 - pathfiender.main - INFO - Auth Router Include
2025-12-17 23:47:14,383 - pathfiender.main - INFO - User Router Include
2025-12-17 23:47:14,384 - pathfiender.main - INFO - Shop Router Include
2025-12-17 23:47:14,388 - pathfiender.main - INFO - Products Router Include
2025-12-17 23:47:14,391 - pathfiender.main - INFO - Category Router Include
2025-12-17 23:47:14,426 - pathfiender.main - INFO - Auth Router Include
2025-12-17 23:47:14,429 - pathfiender.main - INFO - User Router Include
2025-12-17 23:47:14,430 - pathfiender.main - INFO - Shop Router Include
2025-12-17 23:47:14,433 - pathfiender.main - INFO - Products Router Include
2025-12-17 23:47:14,436 - pathfiender.main - INFO - Category Router Include
2025-12-17 23:47:14,437 - pathfiender.main - INFO - Application startup complete
2025-12-17 23:47:28,418 - pathfiender.main - INFO - Application shutdown
2025-12-17 23:47:29,735 - pathfiender.main - INFO - Auth Router Include
2025-12-17 23:47:29,737 - pathfiender.main - INFO - User Router Include
2025-12-17 23:47:29,738 - pathfiender.main - INFO - Shop Router Include
2025-12-17 23:47:29,742 - pathfiender.main - INFO - Products Router Include
2025-12-17 23:47:29,745 - pathfiender.main - INFO - Category Router Include
2025-12-17 23:47:29,782 - pathfiender.main - INFO - Auth Router Include
2025-12-17 23:47:29,786 - pathfiender.main - INFO - User Router Include
2025-12-17 23:47:29,787 - pathfiender.main - INFO - Shop Router Include
2025-12-17 23:47:29,789 - pathfiender.main - INFO - Products Router Include
2025-12-17 23:47:29,792 - pathfiender.main - INFO - Category Router Include
2025-12-17 23:47:29,794 - pathfiender.main - INFO - Application startup complete
2025-12-17 23:48:08,890 - pathfiender.main - INFO - Application shutdown
2025-12-17 23:48:10,202 - pathfiender.main - INFO - Auth Router Include
2025-12-17 23:48:10,205 - pathfiender.main - INFO - User Router Include
2025-12-17 23:48:10,206 - pathfiender.main - INFO - Shop Router Include
2025-12-17 23:48:10,209 - pathfiender.main - INFO - Products Router Include
2025-12-17 23:48:10,213 - pathfiender.main - INFO - Category Router Include
2025-12-17 23:48:10,260 - pathfiender.main - INFO - Auth Router Include
2025-12-17 23:48:10,263 - pathfiender.main - INFO - User Router Include
2025-12-17 23:48:10,265 - pathfiender.main - INFO - Shop Router Include
2025-12-17 23:48:10,269 - pathfiender.main - INFO - Products Router Include
2025-12-17 23:48:10,272 - pathfiender.main - INFO - Category Router Include
2025-12-17 23:48:10,273 - pathfiender.main - INFO - Application startup complete
2025-12-17 23:51:13,192 - pathfiender.main - INFO - Application shutdown
2025-12-17 23:51:14,444 - pathfiender.main - INFO - Auth Router Include
2025-12-17 23:51:14,447 - pathfiender.main - INFO - User Router Include
2025-12-17 23:51:14,448 - pathfiender.main - INFO - Shop Router Include
2025-12-17 23:51:14,450 - pathfiender.main - INFO - Products Router Include
2025-12-17 23:51:14,453 - pathfiender.main - INFO - Category Router Include
2025-12-17 23:51:14,494 - pathfiender.main - INFO - Auth Router Include
2025-12-17 23:51:14,498 - pathfiender.main - INFO - User Router Include
2025-12-17 23:51:14,498 - pathfiender.main - INFO - Shop Router Include
2025-12-17 23:51:14,500 - pathfiender.main - INFO - Products Router Include
2025-12-17 23:51:14,503 - pathfiender.main - INFO - Category Router Include
2025-12-17 23:51:14,504 - pathfiender.main - INFO - Application startup complete
2025-12-17 23:51:37,060 - pathfiender.main - INFO - Application shutdown
2025-12-17 23:51:38,355 - pathfiender.main - INFO - Auth Router Include
2025-12-17 23:51:38,358 - pathfiender.main - INFO - User Router Include
2025-12-17 23:51:38,358 - pathfiender.main - INFO - Shop Router Include
2025-12-17 23:51:38,361 - pathfiender.main - INFO - Products Router Include
2025-12-17 23:51:38,365 - pathfiender.main - INFO - Category Router Include
2025-12-17 23:51:38,406 - pathfiender.main - INFO - Auth Router Include
2025-12-17 23:51:38,409 - pathfiender.main - INFO - User Router Include
2025-12-17 23:51:38,410 - pathfiender.main - INFO - Shop Router Include
2025-12-17 23:51:38,414 - pathfiender.main - INFO - Products Router Include
2025-12-17 23:51:38,416 - pathfiender.main - INFO - Category Router Include
2025-12-17 23:51:38,418 - pathfiender.main - INFO - Application startup complete
2025-12-17 23:52:31,244 - pathfiender.main - INFO - Application shutdown
2025-12-17 23:52:32,511 - pathfiender.main - INFO - Auth Router Include
2025-12-17 23:52:32,514 - pathfiender.main - INFO - User Router Include
2025-12-17 23:52:32,515 - pathfiender.main - INFO - Shop Router Include
2025-12-17 23:52:32,518 - pathfiender.main - INFO - Products Router Include
2025-12-17 23:52:32,521 - pathfiender.main - INFO - Category Router Include
2025-12-17 23:52:32,564 - pathfiender.main - INFO - Auth Router Include
2025-12-17 23:52:32,567 - pathfiender.main - INFO - User Router Include
2025-12-17 23:52:32,568 - pathfiender.main - INFO - Shop Router Include
2025-12-17 23:52:32,571 - pathfiender.main - INFO - Products Router Include
2025-12-17 23:52:32,574 - pathfiender.main - INFO - Category Router Include
2025-12-17 23:52:32,575 - pathfiender.main - INFO - Application startup complete
2025-12-17 23:52:34,741 - pathfiender.main - INFO - Application shutdown
2025-12-17 23:52:36,204 - pathfiender.main - INFO - Auth Router Include
2025-12-17 23:52:36,207 - pathfiender.main - INFO - User Router Include
2025-12-17 23:52:36,207 - pathfiender.main - INFO - Shop Router Include
2025-12-17 23:52:36,211 - pathfiender.main - INFO - Products Router Include
2025-12-17 23:52:36,214 - pathfiender.main - INFO - Category Router Include
2025-12-17 23:52:36,262 - pathfiender.main - INFO - Auth Router Include
2025-12-17 23:52:36,267 - pathfiender.main - INFO - User Router Include
2025-12-17 23:52:36,267 - pathfiender.main - INFO - Shop Router Include
2025-12-17 23:52:36,271 - pathfiender.main - INFO - Products Router Include
2025-12-17 23:52:36,275 - pathfiender.main - INFO - Category Router Include
2025-12-17 23:52:36,277 - pathfiender.main - INFO - Application startup complete
2025-12-17 23:52:38,375 - pathfiender.category_service - INFO - Категория 1, успешно удалена
2025-12-17 23:54:33,404 - pathfiender.main - INFO - Application shutdown
2025-12-17 23:54:34,664 - pathfiender.main - INFO - Auth Router Include
2025-12-17 23:54:34,667 - pathfiender.main - INFO - User Router Include
2025-12-17 23:54:34,668 - pathfiender.main - INFO - Shop Router Include
2025-12-17 23:54:34,673 - pathfiender.main - INFO - Products Router Include
2025-12-17 23:54:34,676 - pathfiender.main - INFO - Category Router Include
2025-12-17 23:54:34,718 - pathfiender.main - INFO - Auth Router Include
2025-12-17 23:54:34,722 - pathfiender.main - INFO - User Router Include
2025-12-17 23:54:34,723 - pathfiender.main - INFO - Shop Router Include
2025-12-17 23:54:34,726 - pathfiender.main - INFO - Products Router Include
2025-12-17 23:54:34,732 - pathfiender.main - INFO - Category Router Include
2025-12-17 23:54:34,733 - pathfiender.main - INFO - Application startup complete
2025-12-17 23:54:52,743 - pathfiender.main - INFO - Application shutdown
2025-12-17 23:54:54,000 - pathfiender.main - INFO - Auth Router Include
2025-12-17 23:54:54,002 - pathfiender.main - INFO - User Router Include
2025-12-17 23:54:54,003 - pathfiender.main - INFO - Shop Router Include
2025-12-17 23:54:54,006 - pathfiender.main - INFO - Products Router Include
2025-12-17 23:54:54,009 - pathfiender.main - INFO - Category Router Include
2025-12-17 23:54:54,049 - pathfiender.main - INFO - Auth Router Include
2025-12-17 23:54:54,054 - pathfiender.main - INFO - User Router Include
2025-12-17 23:54:54,054 - pathfiender.main - INFO - Shop Router Include
2025-12-17 23:54:54,058 - pathfiender.main - INFO - Products Router Include
2025-12-17 23:54:54,061 - pathfiender.main - INFO - Category Router Include
2025-12-17 23:54:54,062 - pathfiender.main - INFO - Application startup complete
2025-12-17 23:55:06,864 - pathfiender.main - INFO - Application shutdown
2025-12-17 23:55:08,088 - pathfiender.main - INFO - Auth Router Include
2025-12-17 23:55:08,090 - pathfiender.main - INFO - User Router Include
2025-12-17 23:55:08,091 - pathfiender.main - INFO - Shop Router Include
2025-12-17 23:55:08,094 - pathfiender.main - INFO - Products Router Include
2025-12-17 23:55:08,096 - pathfiender.main - INFO - Category Router Include
2025-12-17 23:55:08,137 - pathfiender.main - INFO - Auth Router Include
2025-12-17 23:55:08,141 - pathfiender.main - INFO - User Router Include
2025-12-17 23:55:08,142 - pathfiender.main - INFO - Shop Router Include
2025-12-17 23:55:08,144 - pathfiender.main - INFO - Products Router Include
2025-12-17 23:55:08,147 - pathfiender.main - INFO - Category Router Include
2025-12-17 23:55:08,148 - pathfiender.main - INFO - Application startup complete
2025-12-17 23:55:59,905 - pathfiender.main - INFO - Application shutdown
2025-12-17 23:56:01,158 - pathfiender.main - INFO - Auth Router Include
2025-12-17 23:56:01,160 - pathfiender.main - INFO - User Router Include
2025-12-17 23:56:01,161 - pathfiender.main - INFO - Shop Router Include
2025-12-17 23:56:01,164 - pathfiender.main - INFO - Products Router Include
2025-12-17 23:56:01,166 - pathfiender.main - INFO - Category Router Include
2025-12-17 23:56:01,201 - pathfiender.main - INFO - Auth Router Include
2025-12-17 23:56:01,204 - pathfiender.main - INFO - User Router Include
2025-12-17 23:56:01,205 - pathfiender.main - INFO - Shop Router Include
2025-12-17 23:56:01,208 - pathfiender.main - INFO - Products Router Include
2025-12-17 23:56:01,211 - pathfiender.main - INFO - Category Router Include
2025-12-17 23:56:01,212 - pathfiender.main - INFO - Application startup complete
2025-12-17 23:56:04,261 - pathfiender.main - INFO - Application shutdown
2025-12-17 23:56:05,418 - pathfiender.main - INFO - Auth Router Include
2025-12-17 23:56:05,420 - pathfiender.main - INFO - User Router Include
2025-12-17 23:56:05,421 - pathfiender.main - INFO - Shop Router Include
2025-12-17 23:56:05,423 - pathfiender.main - INFO - Products Router Include
2025-12-17 23:56:05,425 - pathfiender.main - INFO - Category Router Include
2025-12-17 23:56:05,456 - pathfiender.main - INFO - Auth Router Include
2025-12-17 23:56:05,460 - pathfiender.main - INFO - User Router Include
2025-12-17 23:56:05,460 - pathfiender.main - INFO - Shop Router Include
2025-12-17 23:56:05,463 - pathfiender.main - INFO - Products Router Include
2025-12-17 23:56:05,465 - pathfiender.main - INFO - Category Router Include
2025-12-17 23:56:05,467 - pathfiender.main - INFO - Application startup complete
2025-12-17 23:56:15,665 - pathfiender.main - INFO - Application shutdown
2025-12-17 23:56:16,853 - pathfiender.main - INFO - Auth Router Include
2025-12-17 23:56:16,855 - pathfiender.main - INFO - User Router Include
2025-12-17 23:56:16,856 - pathfiender.main - INFO - Shop Router Include
2025-12-17 23:56:16,859 - pathfiender.main - INFO - Products Router Include
2025-12-17 23:56:16,861 - pathfiender.main - INFO - Category Router Include
2025-12-17 23:56:16,894 - pathfiender.main - INFO - Auth Router Include
2025-12-17 23:56:16,897 - pathfiender.main - INFO - User Router Include
2025-12-17 23:56:16,898 - pathfiender.main - INFO - Shop Router Include
2025-12-17 23:56:16,900 - pathfiender.main - INFO - Products Router Include
2025-12-17 23:56:16,903 - pathfiender.main - INFO - Category Router Include
2025-12-17 23:56:16,905 - pathfiender.main - INFO - Application startup complete
2025-12-17 23:57:11,428 - pathfiender.main - INFO - Application shutdown
2025-12-17 23:57:28,749 - pathfiender.main - INFO - Auth Router Include
2025-12-17 23:57:28,751 - pathfiender.main - INFO - User Router Include
2025-12-17 23:57:28,751 - pathfiender.main - INFO - Shop Router Include
2025-12-17 23:57:28,754 - pathfiender.main - INFO - Products Router Include
2025-12-17 23:57:28,758 - pathfiender.main - INFO - Category Router Include
2025-12-17 23:57:28,797 - pathfiender.main - INFO - Auth Router Include
2025-12-17 23:57:28,801 - pathfiender.main - INFO - User Router Include
2025-12-17 23:57:28,802 - pathfiender.main - INFO - Shop Router Include
2025-12-17 23:57:28,805 - pathfiender.main - INFO - Products Router Include
2025-12-17 23:57:28,808 - pathfiender.main - INFO - Category Router Include
2025-12-17 23:57:28,810 - pathfiender.main - INFO - Application startup complete
2025-12-17 23:57:45,832 - pathfiender.main - INFO - Application shutdown
2025-12-17 23:57:47,179 - pathfiender.main - INFO - Auth Router Include
2025-12-17 23:57:47,181 - pathfiender.main - INFO - User Router Include
2025-12-17 23:57:47,181 - pathfiender.main - INFO - Shop Router Include
2025-12-17 23:57:47,184 - pathfiender.main - INFO - Products Router Include
2025-12-17 23:57:47,187 - pathfiender.main - INFO - Category Router Include
2025-12-17 23:57:47,225 - pathfiender.main - INFO - Auth Router Include
2025-12-17 23:57:47,228 - pathfiender.main - INFO - User Router Include
2025-12-17 23:57:47,228 - pathfiender.main - INFO - Shop Router Include
2025-12-17 23:57:47,232 - pathfiender.main - INFO - Products Router Include
2025-12-17 23:57:47,234 - pathfiender.main - INFO - Category Router Include
2025-12-17 23:57:47,235 - pathfiender.main - INFO - Application startup complete
2025-12-17 23:57:56,268 - pathfiender.auth_service - ERROR - При создании пользователя произошла ошибка | ID ошибки - 126aa02a-0aa3-4215-821a-0213f6c5fb8c | Error - Govno | 
2025-12-17 23:58:04,805 - pathfiender.main - INFO - Application shutdown
2025-12-17 23:58:06,127 - pathfiender.main - INFO - Auth Router Include
2025-12-17 23:58:06,129 - pathfiender.main - INFO - User Router Include
2025-12-17 23:58:06,130 - pathfiender.main - INFO - Shop Router Include
2025-12-17 23:58:06,133 - pathfiender.main - INFO - Products Router Include
2025-12-17 23:58:06,136 - pathfiender.main - INFO - Category Router Include
2025-12-17 23:58:06,169 - pathfiender.main - INFO - Auth Router Include
2025-12-17 23:58:06,172 - pathfiender.main - INFO - User Router Include
2025-12-17 23:58:06,172 - pathfiender.main - INFO - Shop Router Include
2025-12-17 23:58:06,175 - pathfiender.main - INFO - Products Router Include
2025-12-17 23:58:06,177 - pathfiender.main - INFO - Category Router Include
2025-12-17 23:58:06,179 - pathfiender.main - INFO - Application startup complete
2025-12-17 23:59:01,391 - pathfiender.main - INFO - Application shutdown
2025-12-17 23:59:02,620 - pathfiender.main - INFO - Auth Router Include
2025-12-17 23:59:02,622 - pathfiender.main - INFO - User Router Include
2025-12-17 23:59:02,622 - pathfiender.main - INFO - Shop Router Include
2025-12-17 23:59:02,625 - pathfiender.main - INFO - Products Router Include
2025-12-17 23:59:02,628 - pathfiender.main - INFO - Category Router Include
2025-12-17 23:59:02,662 - pathfiender.main - INFO - Auth Router Include
2025-12-17 23:59:02,667 - pathfiender.main - INFO - User Router Include
2025-12-17 23:59:02,668 - pathfiender.main - INFO - Shop Router Include
2025-12-17 23:59:02,671 - pathfiender.main - INFO - Products Router Include
2025-12-17 23:59:02,673 - pathfiender.main - INFO - Category Router Include
2025-12-17 23:59:02,675 - pathfiender.main - INFO - Application startup complete
2025-12-17 23:59:14,599 - pathfiender.main - INFO - Application shutdown
2025-12-17 23:59:15,829 - pathfiender.main - INFO - Auth Router Include
2025-12-17 23:59:15,831 - pathfiender.main - INFO - User Router Include
2025-12-17 23:59:15,832 - pathfiender.main - INFO - Shop Router Include
2025-12-17 23:59:15,836 - pathfiender.main - INFO - Products Router Include
2025-12-17 23:59:15,838 - pathfiender.main - INFO - Category Router Include
2025-12-17 23:59:15,875 - pathfiender.main - INFO - Auth Router Include
2025-12-17 23:59:15,879 - pathfiender.main - INFO - User Router Include
2025-12-17 23:59:15,880 - pathfiender.main - INFO - Shop Router Include
2025-12-17 23:59:15,883 - pathfiender.main - INFO - Products Router Include
2025-12-17 23:59:15,887 - pathfiender.main - INFO - Category Router Include
2025-12-17 23:59:15,888 - pathfiender.main - INFO - Application startup complete
2025-12-17 23:59:28,153 - pathfiender.main - INFO - Application shutdown
2025-12-17 23:59:29,491 - pathfiender.main - INFO - Auth Router Include
2025-12-17 23:59:29,492 - pathfiender.main - INFO - User Router Include
2025-12-17 23:59:29,493 - pathfiender.main - INFO - Shop Router Include
2025-12-17 23:59:29,496 - pathfiender.main - INFO - Products Router Include
2025-12-17 23:59:29,500 - pathfiender.main - INFO - Category Router Include
2025-12-17 23:59:29,537 - pathfiender.main - INFO - Auth Router Include
2025-12-17 23:59:29,541 - pathfiender.main - INFO - User Router Include
2025-12-17 23:59:29,542 - pathfiender.main - INFO - Shop Router Include
2025-12-17 23:59:29,544 - pathfiender.main - INFO - Products Router Include
2025-12-17 23:59:29,547 - pathfiender.main - INFO - Category Router Include
2025-12-17 23:59:29,549 - pathfiender.main - INFO - Application startup complete
2025-12-17 23:59:50,279 - pathfiender.main - INFO - Application shutdown
2025-12-17 23:59:51,556 - pathfiender.main - INFO - Auth Router Include
2025-12-17 23:59:51,559 - pathfiender.main - INFO - User Router Include
2025-12-17 23:59:51,560 - pathfiender.main - INFO - Shop Router Include
2025-12-17 23:59:51,563 - pathfiender.main - INFO - Products Router Include
2025-12-17 23:59:51,566 - pathfiender.main - INFO - Category Router Include
2025-12-17 23:59:51,605 - pathfiender.main - INFO - Auth Router Include
2025-12-17 23:59:51,608 - pathfiender.main - INFO - User Router Include
2025-12-17 23:59:51,609 - pathfiender.main - INFO - Shop Router Include
2025-12-17 23:59:51,612 - pathfiender.main - INFO - Products Router Include
2025-12-17 23:59:51,616 - pathfiender.main - INFO - Category Router Include
2025-12-17 23:59:51,617 - pathfiender.main - INFO - Application startup complete
2025-12-18 00:00:03,149 - pathfiender.main - INFO - Application shutdown
2025-12-18 00:00:04,509 - pathfiender.main - INFO - Auth Router Include
2025-12-18 00:00:04,511 - pathfiender.main - INFO - User Router Include
2025-12-18 00:00:04,512 - pathfiender.main - INFO - Shop Router Include
2025-12-18 00:00:04,515 - pathfiender.main - INFO - Products Router Include
2025-12-18 00:00:04,519 - pathfiender.main - INFO - Category Router Include
2025-12-18 00:00:04,555 - pathfiender.main - INFO - Auth Router Include
2025-12-18 00:00:04,558 - pathfiender.main - INFO - User Router Include
2025-12-18 00:00:04,560 - pathfiender.main - INFO - Shop Router Include
2025-12-18 00:00:04,563 - pathfiender.main - INFO - Products Router Include
2025-12-18 00:00:04,565 - pathfiender.main - INFO - Category Router Include
2025-12-18 00:00:04,567 - pathfiender.main - INFO - Application startup complete
2025-12-18 00:00:06,478 - pathfiender.auth_service - ERROR - При создании пользователя произошла ошибка | ID ошибки - 76ef03fe-3a55-4514-8732-6c39d53211cf | Error - govno | 
2025-12-18 00:00:17,885 - pathfiender.main - INFO - Application shutdown
2025-12-18 00:00:19,124 - pathfiender.main - INFO - Auth Router Include
2025-12-18 00:00:19,126 - pathfiender.main - INFO - User Router Include
2025-12-18 00:00:19,127 - pathfiender.main - INFO - Shop Router Include
2025-12-18 00:00:19,130 - pathfiender.main - INFO - Products Router Include
2025-12-18 00:00:19,133 - pathfiender.main - INFO - Category Router Include
2025-12-18 00:00:19,167 - pathfiender.main - INFO - Auth Router Include
2025-12-18 00:00:19,171 - pathfiender.main - INFO - User Router Include
2025-12-18 00:00:19,172 - pathfiender.main - INFO - Shop Router Include
2025-12-18 00:00:19,175 - pathfiender.main - INFO - Products Router Include
2025-12-18 00:00:19,178 - pathfiender.main - INFO - Category Router Include
2025-12-18 00:00:19,179 - pathfiender.main - INFO - Application startup complete
2025-12-18 00:00:28,087 - pathfiender.main - INFO - Application shutdown
2025-12-18 00:00:29,335 - pathfiender.main - INFO - Auth Router Include
2025-12-18 00:00:29,338 - pathfiender.main - INFO - User Router Include
2025-12-18 00:00:29,338 - pathfiender.main - INFO - Shop Router Include
2025-12-18 00:00:29,341 - pathfiender.main - INFO - Products Router Include
2025-12-18 00:00:29,344 - pathfiender.main - INFO - Category Router Include
2025-12-18 00:00:29,377 - pathfiender.main - INFO - Auth Router Include
2025-12-18 00:00:29,381 - pathfiender.main - INFO - User Router Include
2025-12-18 00:00:29,382 - pathfiender.main - INFO - Shop Router Include
2025-12-18 00:00:29,385 - pathfiender.main - INFO - Products Router Include
2025-12-18 00:00:29,389 - pathfiender.main - INFO - Category Router Include
2025-12-18 00:00:29,391 - pathfiender.main - INFO - Application startup complete
2025-12-18 00:00:30,041 - pathfiender.main - INFO - Application shutdown
2025-12-18 00:00:31,336 - pathfiender.main - INFO - Auth Router Include
2025-12-18 00:00:31,338 - pathfiender.main - INFO - User Router Include
2025-12-18 00:00:31,340 - pathfiender.main - INFO - Shop Router Include
2025-12-18 00:00:31,342 - pathfiender.main - INFO - Products Router Include
2025-12-18 00:00:31,346 - pathfiender.main - INFO - Category Router Include
2025-12-18 00:00:31,377 - pathfiender.main - INFO - Auth Router Include
2025-12-18 00:00:31,380 - pathfiender.main - INFO - User Router Include
2025-12-18 00:00:31,381 - pathfiender.main - INFO - Shop Router Include
2025-12-18 00:00:31,383 - pathfiender.main - INFO - Products Router Include
2025-12-18 00:00:31,386 - pathfiender.main - INFO - Category Router Include
2025-12-18 00:00:31,387 - pathfiender.main - INFO - Application startup complete
2025-12-18 00:00:32,571 - pathfiender.main - INFO - Application shutdown
2025-12-18 00:00:33,908 - pathfiender.main - INFO - Auth Router Include
2025-12-18 00:00:33,910 - pathfiender.main - INFO - User Router Include
2025-12-18 00:00:33,911 - pathfiender.main - INFO - Shop Router Include
2025-12-18 00:00:33,914 - pathfiender.main - INFO - Products Router Include
2025-12-18 00:00:33,917 - pathfiender.main - INFO - Category Router Include
2025-12-18 00:00:33,954 - pathfiender.main - INFO - Auth Router Include
2025-12-18 00:00:33,958 - pathfiender.main - INFO - User Router Include
2025-12-18 00:00:33,958 - pathfiender.main - INFO - Shop Router Include
2025-12-18 00:00:33,961 - pathfiender.main - INFO - Products Router Include
2025-12-18 00:00:33,964 - pathfiender.main - INFO - Category Router Include
2025-12-18 00:00:33,965 - pathfiender.main - INFO - Application startup complete
2025-12-18 00:00:35,332 - pathfiender.auth_service - ERROR - При создании пользователя произошла ошибка | ID ошибки - d6cdf454-6ed7-4bdc-a93d-16b92ee95cab | Error - govno | 
2025-12-18 00:00:39,020 - pathfiender.main - INFO - Application shutdown
2025-12-18 00:00:40,302 - pathfiender.main - INFO - Auth Router Include
2025-12-18 00:00:40,304 - pathfiender.main - INFO - User Router Include
2025-12-18 00:00:40,305 - pathfiender.main - INFO - Shop Router Include
2025-12-18 00:00:40,308 - pathfiender.main - INFO - Products Router Include
2025-12-18 00:00:40,311 - pathfiender.main - INFO - Category Router Include
2025-12-18 00:00:40,344 - pathfiender.main - INFO - Auth Router Include
2025-12-18 00:00:40,347 - pathfiender.main - INFO - User Router Include
2025-12-18 00:00:40,347 - pathfiender.main - INFO - Shop Router Include
2025-12-18 00:00:40,350 - pathfiender.main - INFO - Products Router Include
2025-12-18 00:00:40,353 - pathfiender.main - INFO - Category Router Include
2025-12-18 00:00:40,354 - pathfiender.main - INFO - Application startup complete
2025-12-18 00:02:01,261 - pathfiender.main - INFO - Application shutdown
2025-12-18 00:02:02,466 - pathfiender.main - INFO - Auth Router Include
2025-12-18 00:02:02,469 - pathfiender.main - INFO - User Router Include
2025-12-18 00:02:02,470 - pathfiender.main - INFO - Shop Router Include
2025-12-18 00:02:02,472 - pathfiender.main - INFO - Products Router Include
2025-12-18 00:02:02,475 - pathfiender.main - INFO - Category Router Include
2025-12-18 00:02:02,508 - pathfiender.main - INFO - Auth Router Include
2025-12-18 00:02:02,512 - pathfiender.main - INFO - User Router Include
2025-12-18 00:02:02,513 - pathfiender.main - INFO - Shop Router Include
2025-12-18 00:02:02,516 - pathfiender.main - INFO - Products Router Include
2025-12-18 00:02:02,518 - pathfiender.main - INFO - Category Router Include
2025-12-18 00:02:02,520 - pathfiender.main - INFO - Application startup complete
2025-12-18 00:02:15,007 - pathfiender.main - INFO - Application shutdown
2025-12-18 00:02:16,292 - pathfiender.main - INFO - Auth Router Include
2025-12-18 00:02:16,295 - pathfiender.main - INFO - User Router Include
2025-12-18 00:02:16,295 - pathfiender.main - INFO - Shop Router Include
2025-12-18 00:02:16,298 - pathfiender.main - INFO - Products Router Include
2025-12-18 00:02:16,302 - pathfiender.main - INFO - Category Router Include
2025-12-18 00:02:16,339 - pathfiender.main - INFO - Auth Router Include
2025-12-18 00:02:16,342 - pathfiender.main - INFO - User Router Include
2025-12-18 00:02:16,343 - pathfiender.main - INFO - Shop Router Include
2025-12-18 00:02:16,346 - pathfiender.main - INFO - Products Router Include
2025-12-18 00:02:16,349 - pathfiender.main - INFO - Category Router Include
2025-12-18 00:02:16,350 - pathfiender.main - INFO - Application startup complete
2025-12-18 00:02:24,593 - pathfiender.main - INFO - Application shutdown
2025-12-18 00:02:25,853 - pathfiender.main - INFO - Auth Router Include
2025-12-18 00:02:25,855 - pathfiender.main - INFO - User Router Include
2025-12-18 00:02:25,856 - pathfiender.main - INFO - Shop Router Include
2025-12-18 00:02:25,860 - pathfiender.main - INFO - Products Router Include
2025-12-18 00:02:25,863 - pathfiender.main - INFO - Category Router Include
2025-12-18 00:02:25,895 - pathfiender.main - INFO - Auth Router Include
2025-12-18 00:02:25,899 - pathfiender.main - INFO - User Router Include
2025-12-18 00:02:25,899 - pathfiender.main - INFO - Shop Router Include
2025-12-18 00:02:25,902 - pathfiender.main - INFO - Products Router Include
2025-12-18 00:02:25,905 - pathfiender.main - INFO - Category Router Include
2025-12-18 00:02:25,906 - pathfiender.main - INFO - Application startup complete
2025-12-18 00:05:09,039 - pathfiender.main - INFO - Application shutdown
2025-12-18 00:05:10,431 - pathfiender.main - INFO - Auth Router Include
2025-12-18 00:05:10,433 - pathfiender.main - INFO - User Router Include
2025-12-18 00:05:10,434 - pathfiender.main - INFO - Shop Router Include
2025-12-18 00:05:10,436 - pathfiender.main - INFO - Products Router Include
2025-12-18 00:05:10,440 - pathfiender.main - INFO - Category Router Include
2025-12-18 00:05:10,480 - pathfiender.main - INFO - Auth Router Include
2025-12-18 00:05:10,483 - pathfiender.main - INFO - User Router Include
2025-12-18 00:05:10,484 - pathfiender.main - INFO - Shop Router Include
2025-12-18 00:05:10,486 - pathfiender.main - INFO - Products Router Include
2025-12-18 00:05:10,489 - pathfiender.main - INFO - Category Router Include
2025-12-18 00:05:10,490 - pathfiender.main - INFO - Application startup complete
2025-12-18 00:05:41,302 - pathfiender.main - INFO - Application shutdown
2025-12-18 00:06:42,008 - pathfiender.main - INFO - Auth Router Include
2025-12-18 00:06:42,010 - pathfiender.main - INFO - User Router Include
2025-12-18 00:06:42,010 - pathfiender.main - INFO - Shop Router Include
2025-12-18 00:06:42,013 - pathfiender.main - INFO - Products Router Include
2025-12-18 00:06:42,017 - pathfiender.main - INFO - Category Router Include
2025-12-18 00:06:42,051 - pathfiender.main - INFO - Auth Router Include
2025-12-18 00:06:42,054 - pathfiender.main - INFO - User Router Include
2025-12-18 00:06:42,055 - pathfiender.main - INFO - Shop Router Include
2025-12-18 00:06:42,058 - pathfiender.main - INFO - Products Router Include
2025-12-18 00:06:42,061 - pathfiender.main - INFO - Category Router Include
2025-12-18 00:06:42,062 - pathfiender.main - INFO - Application startup complete
2025-12-18 00:09:04,294 - pathfiender.main - INFO - Application shutdown
2025-12-18 00:09:05,579 - pathfiender.main - INFO - Auth Router Include
2025-12-18 00:09:05,581 - pathfiender.main - INFO - User Router Include
2025-12-18 00:09:05,582 - pathfiender.main - INFO - Shop Router Include
2025-12-18 00:09:05,585 - pathfiender.main - INFO - Products Router Include
2025-12-18 00:09:05,589 - pathfiender.main - INFO - Category Router Include
2025-12-18 00:09:05,622 - pathfiender.main - INFO - Auth Router Include
2025-12-18 00:09:05,627 - pathfiender.main - INFO - User Router Include
2025-12-18 00:09:05,627 - pathfiender.main - INFO - Shop Router Include
2025-12-18 00:09:05,630 - pathfiender.main - INFO - Products Router Include
2025-12-18 00:09:05,634 - pathfiender.main - INFO - Category Router Include
2025-12-18 00:09:05,635 - pathfiender.main - INFO - Application startup complete
2025-12-18 00:09:39,485 - pathfiender.main - INFO - Application shutdown
2025-12-18 00:09:40,743 - pathfiender.main - INFO - Auth Router Include
2025-12-18 00:09:40,745 - pathfiender.main - INFO - User Router Include
2025-12-18 00:09:40,745 - pathfiender.main - INFO - Shop Router Include
2025-12-18 00:09:40,749 - pathfiender.main - INFO - Products Router Include
2025-12-18 00:09:40,751 - pathfiender.main - INFO - Category Router Include
2025-12-18 00:09:40,783 - pathfiender.main - INFO - Auth Router Include
2025-12-18 00:09:40,787 - pathfiender.main - INFO - User Router Include
2025-12-18 00:09:40,787 - pathfiender.main - INFO - Shop Router Include
2025-12-18 00:09:40,790 - pathfiender.main - INFO - Products Router Include
2025-12-18 00:09:40,794 - pathfiender.main - INFO - Category Router Include
2025-12-18 00:09:40,795 - pathfiender.main - INFO - Application startup complete
2025-12-18 00:11:33,403 - pathfiender.main - INFO - Application shutdown
2025-12-18 00:11:55,146 - pathfiender.main - INFO - Auth Router Include
2025-12-18 00:11:55,149 - pathfiender.main - INFO - User Router Include
2025-12-18 00:11:55,149 - pathfiender.main - INFO - Shop Router Include
2025-12-18 00:11:55,152 - pathfiender.main - INFO - Products Router Include
2025-12-18 00:11:55,154 - pathfiender.main - INFO - Category Router Include
2025-12-18 00:11:55,188 - pathfiender.main - INFO - Auth Router Include
2025-12-18 00:11:55,191 - pathfiender.main - INFO - User Router Include
2025-12-18 00:11:55,192 - pathfiender.main - INFO - Shop Router Include
2025-12-18 00:11:55,194 - pathfiender.main - INFO - Products Router Include
2025-12-18 00:11:55,196 - pathfiender.main - INFO - Category Router Include
2025-12-18 00:11:55,197 - pathfiender.main - INFO - Application startup complete
2025-12-18 00:12:01,285 - pathfiender.main - INFO - Application shutdown
2025-12-18 00:12:02,521 - pathfiender.main - INFO - Auth Router Include
2025-12-18 00:12:02,524 - pathfiender.main - INFO - User Router Include
2025-12-18 00:12:02,524 - pathfiender.main - INFO - Shop Router Include
2025-12-18 00:12:02,527 - pathfiender.main - INFO - Products Router Include
2025-12-18 00:12:02,530 - pathfiender.main - INFO - Category Router Include
2025-12-18 00:12:02,565 - pathfiender.main - INFO - Auth Router Include
2025-12-18 00:12:02,569 - pathfiender.main - INFO - User Router Include
2025-12-18 00:12:02,569 - pathfiender.main - INFO - Shop Router Include
2025-12-18 00:12:02,572 - pathfiender.main - INFO - Products Router Include
2025-12-18 00:12:02,575 - pathfiender.main - INFO - Category Router Include
2025-12-18 00:12:02,576 - pathfiender.main - INFO - Application startup complete
2025-12-18 00:12:26,447 - pathfiender.main - INFO - Application shutdown
2025-12-18 00:12:27,661 - pathfiender.main - INFO - Auth Router Include
2025-12-18 00:12:27,663 - pathfiender.main - INFO - User Router Include
2025-12-18 00:12:27,664 - pathfiender.main - INFO - Shop Router Include
2025-12-18 00:12:27,667 - pathfiender.main - INFO - Products Router Include
2025-12-18 00:12:27,670 - pathfiender.main - INFO - Category Router Include
2025-12-18 00:12:27,709 - pathfiender.main - INFO - Auth Router Include
2025-12-18 00:12:27,714 - pathfiender.main - INFO - User Router Include
2025-12-18 00:12:27,715 - pathfiender.main - INFO - Shop Router Include
2025-12-18 00:12:27,718 - pathfiender.main - INFO - Products Router Include
2025-12-18 00:12:27,722 - pathfiender.main - INFO - Category Router Include
2025-12-18 00:12:27,724 - pathfiender.main - INFO - Application startup complete
2025-12-18 00:13:04,498 - pathfiender.main - INFO - Application shutdown
2025-12-18 00:13:05,848 - pathfiender.main - INFO - Auth Router Include
2025-12-18 00:13:05,850 - pathfiender.main - INFO - User Router Include
2025-12-18 00:13:05,851 - pathfiender.main - INFO - Shop Router Include
2025-12-18 00:13:05,854 - pathfiender.main - INFO - Products Router Include
2025-12-18 00:13:05,857 - pathfiender.main - INFO - Category Router Include
2025-12-18 00:13:05,897 - pathfiender.main - INFO - Auth Router Include
2025-12-18 00:13:05,901 - pathfiender.main - INFO - User Router Include
2025-12-18 00:13:05,902 - pathfiender.main - INFO - Shop Router Include
2025-12-18 00:13:05,904 - pathfiender.main - INFO - Products Router Include
2025-12-18 00:13:05,907 - pathfiender.main - INFO - Category Router Include
2025-12-18 00:13:05,909 - pathfiender.main - INFO - Application startup complete
2025-12-18 00:14:19,238 - pathfiender.main - INFO - Application shutdown
2025-12-18 00:14:20,554 - pathfiender.main - INFO - Auth Router Include
2025-12-18 00:14:20,557 - pathfiender.main - INFO - User Router Include
2025-12-18 00:14:20,558 - pathfiender.main - INFO - Shop Router Include
2025-12-18 00:14:20,563 - pathfiender.main - INFO - Products Router Include
2025-12-18 00:14:20,567 - pathfiender.main - INFO - Category Router Include
2025-12-18 00:14:20,608 - pathfiender.main - INFO - Auth Router Include
2025-12-18 00:14:20,611 - pathfiender.main - INFO - User Router Include
2025-12-18 00:14:20,612 - pathfiender.main - INFO - Shop Router Include
2025-12-18 00:14:20,614 - pathfiender.main - INFO - Products Router Include
2025-12-18 00:14:20,617 - pathfiender.main - INFO - Category Router Include
2025-12-18 00:14:20,618 - pathfiender.main - INFO - Application startup complete
2025-12-18 00:15:43,587 - pathfiender.main - INFO - Application shutdown
2025-12-18 00:15:44,848 - pathfiender.main - INFO - Auth Router Include
2025-12-18 00:15:44,850 - pathfiender.main - INFO - User Router Include
2025-12-18 00:15:44,851 - pathfiender.main - INFO - Shop Router Include
2025-12-18 00:15:44,853 - pathfiender.main - INFO - Products Router Include
2025-12-18 00:15:44,856 - pathfiender.main - INFO - Category Router Include
2025-12-18 00:15:44,894 - pathfiender.main - INFO - Auth Router Include
2025-12-18 00:15:44,898 - pathfiender.main - INFO - User Router Include
2025-12-18 00:15:44,898 - pathfiender.main - INFO - Shop Router Include
2025-12-18 00:15:44,901 - pathfiender.main - INFO - Products Router Include
2025-12-18 00:15:44,904 - pathfiender.main - INFO - Category Router Include
2025-12-18 00:15:44,905 - pathfiender.main - INFO - Application startup complete
2025-12-18 00:16:37,330 - pathfiender.main - INFO - Application shutdown
2025-12-18 00:16:38,570 - pathfiender.main - INFO - Auth Router Include
2025-12-18 00:16:38,573 - pathfiender.main - INFO - User Router Include
2025-12-18 00:16:38,574 - pathfiender.main - INFO - Shop Router Include
2025-12-18 00:16:38,577 - pathfiender.main - INFO - Products Router Include
2025-12-18 00:16:38,579 - pathfiender.main - INFO - Category Router Include
2025-12-18 00:16:38,613 - pathfiender.main - INFO - Auth Router Include
2025-12-18 00:16:38,616 - pathfiender.main - INFO - User Router Include
2025-12-18 00:16:38,617 - pathfiender.main - INFO - Shop Router Include
2025-12-18 00:16:38,619 - pathfiender.main - INFO - Products Router Include
2025-12-18 00:16:38,622 - pathfiender.main - INFO - Category Router Include
2025-12-18 00:16:38,622 - pathfiender.main - INFO - Application startup complete
2025-12-18 00:17:23,650 - pathfiender.main - INFO - Application shutdown
2025-12-18 00:17:24,899 - pathfiender.main - INFO - Auth Router Include
2025-12-18 00:17:24,901 - pathfiender.main - INFO - User Router Include
2025-12-18 00:17:24,901 - pathfiender.main - INFO - Shop Router Include
2025-12-18 00:17:24,905 - pathfiender.main - INFO - Products Router Include
2025-12-18 00:17:24,908 - pathfiender.main - INFO - Category Router Include
2025-12-18 00:17:24,940 - pathfiender.main - INFO - Auth Router Include
2025-12-18 00:17:24,944 - pathfiender.main - INFO - User Router Include
2025-12-18 00:17:24,944 - pathfiender.main - INFO - Shop Router Include
2025-12-18 00:17:24,948 - pathfiender.main - INFO - Products Router Include
2025-12-18 00:17:24,950 - pathfiender.main - INFO - Category Router Include
2025-12-18 00:17:24,951 - pathfiender.main - INFO - Application startup complete
2025-12-18 00:18:41,431 - pathfiender.main - INFO - Application shutdown
2025-12-18 00:18:55,652 - pathfiender.main - INFO - Auth Router Include
2025-12-18 00:18:55,654 - pathfiender.main - INFO - User Router Include
2025-12-18 00:18:55,654 - pathfiender.main - INFO - Shop Router Include
2025-12-18 00:18:55,658 - pathfiender.main - INFO - Products Router Include
2025-12-18 00:18:55,661 - pathfiender.main - INFO - Category Router Include
2025-12-18 00:18:55,697 - pathfiender.main - INFO - Auth Router Include
2025-12-18 00:18:55,700 - pathfiender.main - INFO - User Router Include
2025-12-18 00:18:55,700 - pathfiender.main - INFO - Shop Router Include
2025-12-18 00:18:55,702 - pathfiender.main - INFO - Products Router Include
2025-12-18 00:18:55,704 - pathfiender.main - INFO - Category Router Include
2025-12-18 00:18:55,706 - pathfiender.main - INFO - Application startup complete
2025-12-18 00:19:09,039 - pathfiender.main - INFO - Application shutdown
2025-12-18 00:19:10,413 - pathfiender.main - INFO - Auth Router Include
2025-12-18 00:19:10,416 - pathfiender.main - INFO - User Router Include
2025-12-18 00:19:10,416 - pathfiender.main - INFO - Shop Router Include
2025-12-18 00:19:10,420 - pathfiender.main - INFO - Products Router Include
2025-12-18 00:19:10,425 - pathfiender.main - INFO - Category Router Include
2025-12-18 00:19:10,466 - pathfiender.main - INFO - Auth Router Include
2025-12-18 00:19:10,470 - pathfiender.main - INFO - User Router Include
2025-12-18 00:19:10,471 - pathfiender.main - INFO - Shop Router Include
2025-12-18 00:19:10,475 - pathfiender.main - INFO - Products Router Include
2025-12-18 00:19:10,478 - pathfiender.main - INFO - Category Router Include
2025-12-18 00:19:10,479 - pathfiender.main - INFO - Application startup complete
2025-12-18 00:19:14,372 - pathfiender.main - INFO - Application shutdown
2025-12-18 00:19:15,703 - pathfiender.main - INFO - Auth Router Include
2025-12-18 00:19:15,706 - pathfiender.main - INFO - User Router Include
2025-12-18 00:19:15,707 - pathfiender.main - INFO - Shop Router Include
2025-12-18 00:19:15,710 - pathfiender.main - INFO - Products Router Include
2025-12-18 00:19:15,714 - pathfiender.main - INFO - Category Router Include
2025-12-18 00:19:15,754 - pathfiender.main - INFO - Auth Router Include
2025-12-18 00:19:15,758 - pathfiender.main - INFO - User Router Include
2025-12-18 00:19:15,759 - pathfiender.main - INFO - Shop Router Include
2025-12-18 00:19:15,762 - pathfiender.main - INFO - Products Router Include
2025-12-18 00:19:15,764 - pathfiender.main - INFO - Category Router Include
2025-12-18 00:19:15,766 - pathfiender.main - INFO - Application startup complete
2025-12-18 00:20:54,112 - pathfiender.main - INFO - Application shutdown
2025-12-18 00:20:55,537 - pathfiender.main - INFO - Auth Router Include
2025-12-18 00:20:55,539 - pathfiender.main - INFO - User Router Include
2025-12-18 00:20:55,541 - pathfiender.main - INFO - Shop Router Include
2025-12-18 00:20:55,545 - pathfiender.main - INFO - Products Router Include
2025-12-18 00:20:55,550 - pathfiender.main - INFO - Category Router Include
2025-12-18 00:20:55,595 - pathfiender.main - INFO - Auth Router Include
2025-12-18 00:20:55,600 - pathfiender.main - INFO - User Router Include
2025-12-18 00:20:55,600 - pathfiender.main - INFO - Shop Router Include
2025-12-18 00:20:55,603 - pathfiender.main - INFO - Products Router Include
2025-12-18 00:20:55,607 - pathfiender.main - INFO - Category Router Include
2025-12-18 00:20:55,609 - pathfiender.main - INFO - Application startup complete
2025-12-18 00:20:59,280 - pathfiender.main - INFO - Application shutdown
2025-12-18 00:21:00,595 - pathfiender.main - INFO - Auth Router Include
2025-12-18 00:21:00,598 - pathfiender.main - INFO - User Router Include
2025-12-18 00:21:00,598 - pathfiender.main - INFO - Shop Router Include
2025-12-18 00:21:00,602 - pathfiender.main - INFO - Products Router Include
2025-12-18 00:21:00,605 - pathfiender.main - INFO - Category Router Include
2025-12-18 00:21:00,636 - pathfiender.main - INFO - Auth Router Include
2025-12-18 00:21:00,639 - pathfiender.main - INFO - User Router Include
2025-12-18 00:21:00,641 - pathfiender.main - INFO - Shop Router Include
2025-12-18 00:21:00,643 - pathfiender.main - INFO - Products Router Include
2025-12-18 00:21:00,646 - pathfiender.main - INFO - Category Router Include
2025-12-18 00:21:00,647 - pathfiender.main - INFO - Application startup complete
2025-12-18 00:21:16,920 - pathfiender.main - INFO - Application shutdown
2025-12-18 00:21:18,305 - pathfiender.main - INFO - Auth Router Include
2025-12-18 00:21:18,307 - pathfiender.main - INFO - User Router Include
2025-12-18 00:21:18,308 - pathfiender.main - INFO - Shop Router Include
2025-12-18 00:21:18,311 - pathfiender.main - INFO - Products Router Include
2025-12-18 00:21:18,314 - pathfiender.main - INFO - Category Router Include
2025-12-18 00:21:18,352 - pathfiender.main - INFO - Auth Router Include
2025-12-18 00:21:18,356 - pathfiender.main - INFO - User Router Include
2025-12-18 00:21:18,357 - pathfiender.main - INFO - Shop Router Include
2025-12-18 00:21:18,360 - pathfiender.main - INFO - Products Router Include
2025-12-18 00:21:18,362 - pathfiender.main - INFO - Category Router Include
2025-12-18 00:21:18,364 - pathfiender.main - INFO - Application startup complete
2025-12-18 00:21:31,624 - pathfiender.main - INFO - Application shutdown
2025-12-18 00:21:32,962 - pathfiender.main - INFO - Auth Router Include
2025-12-18 00:21:32,965 - pathfiender.main - INFO - User Router Include
2025-12-18 00:21:32,966 - pathfiender.main - INFO - Shop Router Include
2025-12-18 00:21:32,969 - pathfiender.main - INFO - Products Router Include
2025-12-18 00:21:32,973 - pathfiender.main - INFO - Category Router Include
2025-12-18 00:21:33,018 - pathfiender.main - INFO - Auth Router Include
2025-12-18 00:21:33,023 - pathfiender.main - INFO - User Router Include
2025-12-18 00:21:33,023 - pathfiender.main - INFO - Shop Router Include
2025-12-18 00:21:33,027 - pathfiender.main - INFO - Products Router Include
2025-12-18 00:21:33,031 - pathfiender.main - INFO - Category Router Include
2025-12-18 00:21:33,033 - pathfiender.main - INFO - Application startup complete
2025-12-18 00:21:36,181 - pathfiender.main - INFO - Application shutdown
2025-12-18 00:21:37,522 - pathfiender.main - INFO - Auth Router Include
2025-12-18 00:21:37,524 - pathfiender.main - INFO - User Router Include
2025-12-18 00:21:37,524 - pathfiender.main - INFO - Shop Router Include
2025-12-18 00:21:37,527 - pathfiender.main - INFO - Products Router Include
2025-12-18 00:21:37,530 - pathfiender.main - INFO - Category Router Include
2025-12-18 00:21:37,565 - pathfiender.main - INFO - Auth Router Include
2025-12-18 00:21:37,567 - pathfiender.main - INFO - User Router Include
2025-12-18 00:21:37,568 - pathfiender.main - INFO - Shop Router Include
2025-12-18 00:21:37,571 - pathfiender.main - INFO - Products Router Include
2025-12-18 00:21:37,573 - pathfiender.main - INFO - Category Router Include
2025-12-18 00:21:37,575 - pathfiender.main - INFO - Application startup complete
2025-12-18 00:22:05,441 - pathfiender.main - INFO - Application shutdown
2025-12-18 00:22:06,814 - pathfiender.main - INFO - Auth Router Include
2025-12-18 00:22:06,816 - pathfiender.main - INFO - User Router Include
2025-12-18 00:22:06,817 - pathfiender.main - INFO - Shop Router Include
2025-12-18 00:22:06,821 - pathfiender.main - INFO - Products Router Include
2025-12-18 00:22:06,825 - pathfiender.main - INFO - Category Router Include
2025-12-18 00:22:06,862 - pathfiender.main - INFO - Auth Router Include
2025-12-18 00:22:06,865 - pathfiender.main - INFO - User Router Include
2025-12-18 00:22:06,866 - pathfiender.main - INFO - Shop Router Include
2025-12-18 00:22:06,869 - pathfiender.main - INFO - Products Router Include
2025-12-18 00:22:06,872 - pathfiender.main - INFO - Category Router Include
2025-12-18 00:22:06,873 - pathfiender.main - INFO - Application startup complete
2025-12-18 00:22:09,066 - pathfiender.product_service - ERROR - Не удалось найти товар 4
2025-12-18 00:22:45,500 - pathfiender.main - INFO - Application shutdown
2025-12-18 00:22:46,724 - pathfiender.main - INFO - Auth Router Include
2025-12-18 00:22:46,726 - pathfiender.main - INFO - User Router Include
2025-12-18 00:22:46,727 - pathfiender.main - INFO - Shop Router Include
2025-12-18 00:22:46,730 - pathfiender.main - INFO - Products Router Include
2025-12-18 00:22:46,733 - pathfiender.main - INFO - Category Router Include
2025-12-18 00:22:46,776 - pathfiender.main - INFO - Auth Router Include
2025-12-18 00:22:46,780 - pathfiender.main - INFO - User Router Include
2025-12-18 00:22:46,781 - pathfiender.main - INFO - Shop Router Include
2025-12-18 00:22:46,785 - pathfiender.main - INFO - Products Router Include
2025-12-18 00:22:46,790 - pathfiender.main - INFO - Category Router Include
2025-12-18 00:22:46,791 - pathfiender.main - INFO - Application startup complete
2025-12-18 00:23:14,600 - pathfiender.main - INFO - Application shutdown
2025-12-18 00:23:47,812 - pathfiender.main - INFO - Auth Router Include
2025-12-18 00:23:47,814 - pathfiender.main - INFO - User Router Include
2025-12-18 00:23:47,815 - pathfiender.main - INFO - Shop Router Include
2025-12-18 00:23:47,819 - pathfiender.main - INFO - Products Router Include
2025-12-18 00:23:47,822 - pathfiender.main - INFO - Category Router Include
2025-12-18 00:23:47,861 - pathfiender.main - INFO - Auth Router Include
2025-12-18 00:23:47,864 - pathfiender.main - INFO - User Router Include
2025-12-18 00:23:47,865 - pathfiender.main - INFO - Shop Router Include
2025-12-18 00:23:47,867 - pathfiender.main - INFO - Products Router Include
2025-12-18 00:23:47,870 - pathfiender.main - INFO - Category Router Include
2025-12-18 00:23:47,871 - pathfiender.main - INFO - Application startup complete
2025-12-18 00:23:54,108 - pathfiender.product_service - ERROR - При создании пользователя произошла ошибка | ID ошибки - 61ade1c7-29f7-44bc-9de0-66a66ce1ff4d | Error - 'NoneType' object has no attribute 'id' | 
2025-12-18 00:24:08,820 - pathfiender.product_service - ERROR - При создании пользователя произошла ошибка | ID ошибки - 4793ecf0-831e-4f18-97a3-38f4061fb4f3 | Error - 'NoneType' object has no attribute 'id' | 
2025-12-18 00:24:40,032 - pathfiender.main - INFO - Application shutdown
2025-12-18 00:24:41,384 - pathfiender.main - INFO - Auth Router Include
2025-12-18 00:24:41,386 - pathfiender.main - INFO - User Router Include
2025-12-18 00:24:41,387 - pathfiender.main - INFO - Shop Router Include
2025-12-18 00:24:41,390 - pathfiender.main - INFO - Products Router Include
2025-12-18 00:24:41,393 - pathfiender.main - INFO - Category Router Include
2025-12-18 00:24:41,430 - pathfiender.main - INFO - Auth Router Include
2025-12-18 00:24:41,434 - pathfiender.main - INFO - User Router Include
2025-12-18 00:24:41,435 - pathfiender.main - INFO - Shop Router Include
2025-12-18 00:24:41,437 - pathfiender.main - INFO - Products Router Include
2025-12-18 00:24:41,440 - pathfiender.main - INFO - Category Router Include
2025-12-18 00:24:41,442 - pathfiender.main - INFO - Application startup complete
2025-12-18 00:24:46,711 - pathfiender.product_service - INFO - Товар успешно создан 3
2025-12-18 00:25:34,105 - pathfiender.main - INFO - Application shutdown
2025-12-18 00:25:35,403 - pathfiender.main - INFO - Auth Router Include
2025-12-18 00:25:35,405 - pathfiender.main - INFO - User Router Include
2025-12-18 00:25:35,406 - pathfiender.main - INFO - Shop Router Include
2025-12-18 00:25:35,411 - pathfiender.main - INFO - Products Router Include
2025-12-18 00:25:35,415 - pathfiender.main - INFO - Category Router Include
2025-12-18 00:25:35,459 - pathfiender.main - INFO - Auth Router Include
2025-12-18 00:25:35,465 - pathfiender.main - INFO - User Router Include
2025-12-18 00:25:35,466 - pathfiender.main - INFO - Shop Router Include
2025-12-18 00:25:35,469 - pathfiender.main - INFO - Products Router Include
2025-12-18 00:25:35,472 - pathfiender.main - INFO - Category Router Include
2025-12-18 00:25:35,474 - pathfiender.main - INFO - Application startup complete
2025-12-18 00:26:11,975 - pathfiender.product_service - INFO - Товар успешно создан 4
2025-12-18 00:26:13,839 - pathfiender.product_service - INFO - Товар успешно создан 5
2025-12-18 00:27:21,321 - pathfiender.main - INFO - Application shutdown
2025-12-18 00:27:22,691 - pathfiender.main - INFO - Auth Router Include
2025-12-18 00:27:22,693 - pathfiender.main - INFO - User Router Include
2025-12-18 00:27:22,693 - pathfiender.main - INFO - Shop Router Include
2025-12-18 00:27:22,696 - pathfiender.main - INFO - Products Router Include
2025-12-18 00:27:22,699 - pathfiender.main - INFO - Category Router Include
2025-12-18 00:27:22,743 - pathfiender.main - INFO - Auth Router Include
2025-12-18 00:27:22,747 - pathfiender.main - INFO - User Router Include
2025-12-18 00:27:22,747 - pathfiender.main - INFO - Shop Router Include
2025-12-18 00:27:22,751 - pathfiender.main - INFO - Products Router Include
2025-12-18 00:27:22,755 - pathfiender.main - INFO - Category Router Include
2025-12-18 00:27:22,756 - pathfiender.main - INFO - Application startup complete
2025-12-18 00:27:28,220 - pathfiender.product_service - INFO - Товар 3 успешно удален
2025-12-18 00:27:50,006 - pathfiender.main - INFO - Application shutdown
2025-12-18 00:27:51,428 - pathfiender.main - INFO - Auth Router Include
2025-12-18 00:27:51,430 - pathfiender.main - INFO - User Router Include
2025-12-18 00:27:51,430 - pathfiender.main - INFO - Shop Router Include
2025-12-18 00:27:51,433 - pathfiender.main - INFO - Products Router Include
2025-12-18 00:27:51,437 - pathfiender.main - INFO - Category Router Include
2025-12-18 00:27:51,474 - pathfiender.main - INFO - Auth Router Include
2025-12-18 00:27:51,478 - pathfiender.main - INFO - User Router Include
2025-12-18 00:27:51,478 - pathfiender.main - INFO - Shop Router Include
2025-12-18 00:27:51,481 - pathfiender.main - INFO - Products Router Include
2025-12-18 00:27:51,484 - pathfiender.main - INFO - Category Router Include
2025-12-18 00:27:51,485 - pathfiender.main - INFO - Application startup complete
2025-12-18 00:28:19,690 - pathfiender.main - INFO - Application shutdown
2025-12-18 00:28:20,986 - pathfiender.main - INFO - Auth Router Include
2025-12-18 00:28:20,989 - pathfiender.main - INFO - User Router Include
2025-12-18 00:28:20,989 - pathfiender.main - INFO - Shop Router Include
2025-12-18 00:28:20,993 - pathfiender.main - INFO - Products Router Include
2025-12-18 00:28:20,997 - pathfiender.main - INFO - Category Router Include
2025-12-18 00:28:21,036 - pathfiender.main - INFO - Auth Router Include
2025-12-18 00:28:21,039 - pathfiender.main - INFO - User Router Include
2025-12-18 00:28:21,040 - pathfiender.main - INFO - Shop Router Include
2025-12-18 00:28:21,043 - pathfiender.main - INFO - Products Router Include
2025-12-18 00:28:21,045 - pathfiender.main - INFO - Category Router Include
2025-12-18 00:28:21,046 - pathfiender.main - INFO - Application startup complete
2025-12-18 00:28:22,236 - pathfiender.main - INFO - Application shutdown
2025-12-18 00:28:23,481 - pathfiender.main - INFO - Auth Router Include
2025-12-18 00:28:23,484 - pathfiender.main - INFO - User Router Include
2025-12-18 00:28:23,484 - pathfiender.main - INFO - Shop Router Include
2025-12-18 00:28:23,487 - pathfiender.main - INFO - Products Router Include
2025-12-18 00:28:23,489 - pathfiender.main - INFO - Category Router Include
2025-12-18 00:28:23,520 - pathfiender.main - INFO - Auth Router Include
2025-12-18 00:28:23,523 - pathfiender.main - INFO - User Router Include
2025-12-18 00:28:23,523 - pathfiender.main - INFO - Shop Router Include
2025-12-18 00:28:23,526 - pathfiender.main - INFO - Products Router Include
2025-12-18 00:28:23,530 - pathfiender.main - INFO - Category Router Include
2025-12-18 00:28:23,531 - pathfiender.main - INFO - Application startup complete
2025-12-18 00:30:24,602 - pathfiender.main - INFO - Application shutdown
2025-12-18 00:30:26,027 - pathfiender.main - INFO - Auth Router Include
2025-12-18 00:30:26,030 - pathfiender.main - INFO - User Router Include
2025-12-18 00:30:26,031 - pathfiender.main - INFO - Shop Router Include
2025-12-18 00:30:26,035 - pathfiender.main - INFO - Products Router Include
2025-12-18 00:30:26,040 - pathfiender.main - INFO - Category Router Include
2025-12-18 00:30:26,082 - pathfiender.main - INFO - Auth Router Include
2025-12-18 00:30:26,087 - pathfiender.main - INFO - User Router Include
2025-12-18 00:30:26,088 - pathfiender.main - INFO - Shop Router Include
2025-12-18 00:30:26,091 - pathfiender.main - INFO - Products Router Include
2025-12-18 00:30:26,095 - pathfiender.main - INFO - Category Router Include
2025-12-18 00:30:26,095 - pathfiender.main - INFO - Application startup complete
2025-12-18 00:30:50,402 - pathfiender.main - INFO - Application shutdown
2025-12-18 00:30:51,815 - pathfiender.main - INFO - Auth Router Include
2025-12-18 00:30:51,817 - pathfiender.main - INFO - User Router Include
2025-12-18 00:30:51,818 - pathfiender.main - INFO - Shop Router Include
2025-12-18 00:30:51,821 - pathfiender.main - INFO - Products Router Include
2025-12-18 00:30:51,824 - pathfiender.main - INFO - Category Router Include
2025-12-18 00:30:51,863 - pathfiender.main - INFO - Auth Router Include
2025-12-18 00:30:51,866 - pathfiender.main - INFO - User Router Include
2025-12-18 00:30:51,867 - pathfiender.main - INFO - Shop Router Include
2025-12-18 00:30:51,870 - pathfiender.main - INFO - Products Router Include
2025-12-18 00:30:51,873 - pathfiender.main - INFO - Category Router Include
2025-12-18 00:30:51,874 - pathfiender.main - INFO - Application startup complete
2025-12-18 00:32:52,289 - pathfiender.main - INFO - Application shutdown
2025-12-18 00:32:53,641 - pathfiender.main - INFO - Auth Router Include
2025-12-18 00:32:53,643 - pathfiender.main - INFO - User Router Include
2025-12-18 00:32:53,644 - pathfiender.main - INFO - Shop Router Include
2025-12-18 00:32:53,646 - pathfiender.main - INFO - Products Router Include
2025-12-18 00:32:53,650 - pathfiender.main - INFO - Category Router Include
2025-12-18 00:32:53,691 - pathfiender.main - INFO - Auth Router Include
2025-12-18 00:32:53,694 - pathfiender.main - INFO - User Router Include
2025-12-18 00:32:53,695 - pathfiender.main - INFO - Shop Router Include
2025-12-18 00:32:53,697 - pathfiender.main - INFO - Products Router Include
2025-12-18 00:32:53,699 - pathfiender.main - INFO - Category Router Include
2025-12-18 00:32:53,700 - pathfiender.main - INFO - Application startup complete
2025-12-18 00:33:19,617 - pathfiender.main - INFO - Application shutdown
2025-12-18 00:33:20,851 - pathfiender.main - INFO - Auth Router Include
2025-12-18 00:33:20,853 - pathfiender.main - INFO - User Router Include
2025-12-18 00:33:20,853 - pathfiender.main - INFO - Shop Router Include
2025-12-18 00:33:20,857 - pathfiender.main - INFO - Products Router Include
2025-12-18 00:33:20,860 - pathfiender.main - INFO - Category Router Include
2025-12-18 00:33:20,893 - pathfiender.main - INFO - Auth Router Include
2025-12-18 00:33:20,896 - pathfiender.main - INFO - User Router Include
2025-12-18 00:33:20,897 - pathfiender.main - INFO - Shop Router Include
2025-12-18 00:33:20,900 - pathfiender.main - INFO - Products Router Include
2025-12-18 00:33:20,902 - pathfiender.main - INFO - Category Router Include
2025-12-18 00:33:20,903 - pathfiender.main - INFO - Application startup complete
2025-12-18 00:33:56,364 - pathfiender.main - INFO - Application shutdown
2025-12-18 00:33:57,691 - pathfiender.main - INFO - Auth Router Include
2025-12-18 00:33:57,694 - pathfiender.main - INFO - User Router Include
2025-12-18 00:33:57,694 - pathfiender.main - INFO - Shop Router Include
2025-12-18 00:33:57,697 - pathfiender.main - INFO - Products Router Include
2025-12-18 00:33:57,700 - pathfiender.main - INFO - Category Router Include
2025-12-18 00:33:57,739 - pathfiender.main - INFO - Auth Router Include
2025-12-18 00:33:57,742 - pathfiender.main - INFO - User Router Include
2025-12-18 00:33:57,742 - pathfiender.main - INFO - Shop Router Include
2025-12-18 00:33:57,745 - pathfiender.main - INFO - Products Router Include
2025-12-18 00:33:57,748 - pathfiender.main - INFO - Category Router Include
2025-12-18 00:33:57,749 - pathfiender.main - INFO - Application startup complete
2025-12-18 00:34:01,228 - pathfiender.main - INFO - Application shutdown
2025-12-18 00:34:02,622 - pathfiender.main - INFO - Auth Router Include
2025-12-18 00:34:02,624 - pathfiender.main - INFO - User Router Include
2025-12-18 00:34:02,624 - pathfiender.main - INFO - Shop Router Include
2025-12-18 00:34:02,627 - pathfiender.main - INFO - Products Router Include
2025-12-18 00:34:02,631 - pathfiender.main - INFO - Category Router Include
2025-12-18 00:34:02,664 - pathfiender.main - INFO - Auth Router Include
2025-12-18 00:34:02,668 - pathfiender.main - INFO - User Router Include
2025-12-18 00:34:02,669 - pathfiender.main - INFO - Shop Router Include
2025-12-18 00:34:02,673 - pathfiender.main - INFO - Products Router Include
2025-12-18 00:34:02,675 - pathfiender.main - INFO - Category Router Include
2025-12-18 00:34:02,677 - pathfiender.main - INFO - Application startup complete
2025-12-18 00:34:16,458 - pathfiender.main - INFO - Application shutdown
2025-12-18 00:34:17,853 - pathfiender.main - INFO - Auth Router Include
2025-12-18 00:34:17,855 - pathfiender.main - INFO - User Router Include
2025-12-18 00:34:17,856 - pathfiender.main - INFO - Shop Router Include
2025-12-18 00:34:17,860 - pathfiender.main - INFO - Products Router Include
2025-12-18 00:34:17,863 - pathfiender.main - INFO - Category Router Include
2025-12-18 00:34:17,912 - pathfiender.main - INFO - Auth Router Include
2025-12-18 00:34:17,916 - pathfiender.main - INFO - User Router Include
2025-12-18 00:34:17,917 - pathfiender.main - INFO - Shop Router Include
2025-12-18 00:34:17,921 - pathfiender.main - INFO - Products Router Include
2025-12-18 00:34:17,924 - pathfiender.main - INFO - Category Router Include
2025-12-18 00:34:17,926 - pathfiender.main - INFO - Application startup complete
2025-12-18 00:34:20,630 - pathfiender.main - INFO - Application shutdown
2025-12-18 00:34:21,976 - pathfiender.main - INFO - Auth Router Include
2025-12-18 00:34:21,978 - pathfiender.main - INFO - User Router Include
2025-12-18 00:34:21,979 - pathfiender.main - INFO - Shop Router Include
2025-12-18 00:34:21,982 - pathfiender.main - INFO - Products Router Include
2025-12-18 00:34:21,986 - pathfiender.main - INFO - Category Router Include
2025-12-18 00:34:22,023 - pathfiender.main - INFO - Auth Router Include
2025-12-18 00:34:22,026 - pathfiender.main - INFO - User Router Include
2025-12-18 00:34:22,027 - pathfiender.main - INFO - Shop Router Include
2025-12-18 00:34:22,030 - pathfiender.main - INFO - Products Router Include
2025-12-18 00:34:22,032 - pathfiender.main - INFO - Category Router Include
2025-12-18 00:34:22,033 - pathfiender.main - INFO - Application startup complete
2025-12-18 00:34:31,892 - pathfiender.main - INFO - Application shutdown
2025-12-18 00:34:33,186 - pathfiender.main - INFO - Auth Router Include
2025-12-18 00:34:33,188 - pathfiender.main - INFO - User Router Include
2025-12-18 00:34:33,189 - pathfiender.main - INFO - Shop Router Include
2025-12-18 00:34:33,191 - pathfiender.main - INFO - Products Router Include
2025-12-18 00:34:33,194 - pathfiender.main - INFO - Category Router Include
2025-12-18 00:34:33,223 - pathfiender.main - INFO - Auth Router Include
2025-12-18 00:34:33,227 - pathfiender.main - INFO - User Router Include
2025-12-18 00:34:33,228 - pathfiender.main - INFO - Shop Router Include
2025-12-18 00:34:33,231 - pathfiender.main - INFO - Products Router Include
2025-12-18 00:34:33,233 - pathfiender.main - INFO - Category Router Include
2025-12-18 00:34:33,234 - pathfiender.main - INFO - Application startup complete
2025-12-18 00:34:41,264 - pathfiender.main - INFO - Application shutdown
2025-12-18 00:34:42,546 - pathfiender.main - INFO - Auth Router Include
2025-12-18 00:34:42,548 - pathfiender.main - INFO - User Router Include
2025-12-18 00:34:42,549 - pathfiender.main - INFO - Shop Router Include
2025-12-18 00:34:42,551 - pathfiender.main - INFO - Products Router Include
2025-12-18 00:34:42,554 - pathfiender.main - INFO - Category Router Include
2025-12-18 00:34:42,588 - pathfiender.main - INFO - Auth Router Include
2025-12-18 00:34:42,593 - pathfiender.main - INFO - User Router Include
2025-12-18 00:34:42,593 - pathfiender.main - INFO - Shop Router Include
2025-12-18 00:34:42,596 - pathfiender.main - INFO - Products Router Include
2025-12-18 00:34:42,599 - pathfiender.main - INFO - Category Router Include
2025-12-18 00:34:42,600 - pathfiender.main - INFO - Application startup complete
2025-12-18 00:34:42,922 - pathfiender.main - INFO - Application shutdown
2025-12-18 00:34:44,243 - pathfiender.main - INFO - Auth Router Include
2025-12-18 00:34:44,245 - pathfiender.main - INFO - User Router Include
2025-12-18 00:34:44,247 - pathfiender.main - INFO - Shop Router Include
2025-12-18 00:34:44,250 - pathfiender.main - INFO - Products Router Include
2025-12-18 00:34:44,254 - pathfiender.main - INFO - Category Router Include
2025-12-18 00:34:44,301 - pathfiender.main - INFO - Auth Router Include
2025-12-18 00:34:44,305 - pathfiender.main - INFO - User Router Include
2025-12-18 00:34:44,306 - pathfiender.main - INFO - Shop Router Include
2025-12-18 00:34:44,311 - pathfiender.main - INFO - Products Router Include
2025-12-18 00:34:44,315 - pathfiender.main - INFO - Category Router Include
2025-12-18 00:34:44,317 - pathfiender.main - INFO - Application startup complete
2025-12-18 00:34:58,643 - pathfiender.main - INFO - Application shutdown
2025-12-18 00:35:00,004 - pathfiender.main - INFO - Auth Router Include
2025-12-18 00:35:00,008 - pathfiender.main - INFO - User Router Include
2025-12-18 00:35:00,009 - pathfiender.main - INFO - Shop Router Include
2025-12-18 00:35:00,013 - pathfiender.main - INFO - Products Router Include
2025-12-18 00:35:00,017 - pathfiender.main - INFO - Category Router Include
2025-12-18 00:35:00,056 - pathfiender.main - INFO - Auth Router Include
2025-12-18 00:35:00,059 - pathfiender.main - INFO - User Router Include
2025-12-18 00:35:00,060 - pathfiender.main - INFO - Shop Router Include
2025-12-18 00:35:00,062 - pathfiender.main - INFO - Products Router Include
2025-12-18 00:35:00,065 - pathfiender.main - INFO - Category Router Include
2025-12-18 00:35:00,066 - pathfiender.main - INFO - Application startup complete
2025-12-18 00:35:55,081 - pathfiender.main - INFO - Application shutdown
2025-12-18 00:35:56,409 - pathfiender.main - INFO - Auth Router Include
2025-12-18 00:35:56,412 - pathfiender.main - INFO - User Router Include
2025-12-18 00:35:56,412 - pathfiender.main - INFO - Shop Router Include
2025-12-18 00:35:56,415 - pathfiender.main - INFO - Products Router Include
2025-12-18 00:35:56,418 - pathfiender.main - INFO - Category Router Include
2025-12-18 00:35:56,448 - pathfiender.main - INFO - Auth Router Include
2025-12-18 00:35:56,452 - pathfiender.main - INFO - User Router Include
2025-12-18 00:35:56,452 - pathfiender.main - INFO - Shop Router Include
2025-12-18 00:35:56,454 - pathfiender.main - INFO - Products Router Include
2025-12-18 00:35:56,457 - pathfiender.main - INFO - Category Router Include
2025-12-18 00:35:56,458 - pathfiender.main - INFO - Application startup complete
2025-12-18 00:36:58,342 - pathfiender.main - INFO - Application shutdown
2025-12-18 00:36:59,650 - pathfiender.main - INFO - Auth Router Include
2025-12-18 00:36:59,652 - pathfiender.main - INFO - User Router Include
2025-12-18 00:36:59,653 - pathfiender.main - INFO - Shop Router Include
2025-12-18 00:36:59,656 - pathfiender.main - INFO - Products Router Include
2025-12-18 00:36:59,660 - pathfiender.main - INFO - Category Router Include
2025-12-18 00:36:59,701 - pathfiender.main - INFO - Auth Router Include
2025-12-18 00:36:59,706 - pathfiender.main - INFO - User Router Include
2025-12-18 00:36:59,707 - pathfiender.main - INFO - Shop Router Include
2025-12-18 00:36:59,710 - pathfiender.main - INFO - Products Router Include
2025-12-18 00:36:59,713 - pathfiender.main - INFO - Category Router Include
2025-12-18 00:36:59,717 - pathfiender.main - INFO - Application startup complete
2025-12-18 00:37:05,778 - pathfiender.main - INFO - Application shutdown
2025-12-18 00:37:07,128 - pathfiender.main - INFO - Auth Router Include
2025-12-18 00:37:07,130 - pathfiender.main - INFO - User Router Include
2025-12-18 00:37:07,131 - pathfiender.main - INFO - Shop Router Include
2025-12-18 00:37:07,133 - pathfiender.main - INFO - Products Router Include
2025-12-18 00:37:07,136 - pathfiender.main - INFO - Category Router Include
2025-12-18 00:37:07,170 - pathfiender.main - INFO - Auth Router Include
2025-12-18 00:37:07,172 - pathfiender.main - INFO - User Router Include
2025-12-18 00:37:07,173 - pathfiender.main - INFO - Shop Router Include
2025-12-18 00:37:07,176 - pathfiender.main - INFO - Products Router Include
2025-12-18 00:37:07,179 - pathfiender.main - INFO - Category Router Include
2025-12-18 00:37:07,180 - pathfiender.main - INFO - Application startup complete
2025-12-18 00:38:03,224 - pathfiender.main - INFO - Application shutdown
2025-12-18 00:38:04,535 - pathfiender.main - INFO - Auth Router Include
2025-12-18 00:38:04,538 - pathfiender.main - INFO - User Router Include
2025-12-18 00:38:04,539 - pathfiender.main - INFO - Shop Router Include
2025-12-18 00:38:04,542 - pathfiender.main - INFO - Products Router Include
2025-12-18 00:38:04,545 - pathfiender.main - INFO - Category Router Include
2025-12-18 00:38:04,583 - pathfiender.main - INFO - Auth Router Include
2025-12-18 00:38:04,588 - pathfiender.main - INFO - User Router Include
2025-12-18 00:38:04,589 - pathfiender.main - INFO - Shop Router Include
2025-12-18 00:38:04,592 - pathfiender.main - INFO - Products Router Include
2025-12-18 00:38:04,595 - pathfiender.main - INFO - Category Router Include
2025-12-18 00:38:04,595 - pathfiender.main - INFO - Application startup complete
2025-12-18 00:39:03,521 - pathfiender.main - INFO - Application shutdown
2025-12-18 00:39:04,791 - pathfiender.main - INFO - Auth Router Include
2025-12-18 00:39:04,793 - pathfiender.main - INFO - User Router Include
2025-12-18 00:39:04,796 - pathfiender.main - INFO - Shop Router Include
2025-12-18 00:39:04,799 - pathfiender.main - INFO - Products Router Include
2025-12-18 00:39:04,805 - pathfiender.main - INFO - Category Router Include
2025-12-18 00:39:04,848 - pathfiender.main - INFO - Auth Router Include
2025-12-18 00:39:04,852 - pathfiender.main - INFO - User Router Include
2025-12-18 00:39:04,852 - pathfiender.main - INFO - Shop Router Include
2025-12-18 00:39:04,855 - pathfiender.main - INFO - Products Router Include
2025-12-18 00:39:04,858 - pathfiender.main - INFO - Category Router Include
2025-12-18 00:39:04,860 - pathfiender.main - INFO - Application startup complete
2025-12-18 00:39:33,701 - pathfiender.main - INFO - Application shutdown
2025-12-18 00:39:35,104 - pathfiender.main - INFO - Auth Router Include
2025-12-18 00:39:35,106 - pathfiender.main - INFO - User Router Include
2025-12-18 00:39:35,107 - pathfiender.main - INFO - Shop Router Include
2025-12-18 00:39:35,112 - pathfiender.main - INFO - Products Router Include
2025-12-18 00:39:35,116 - pathfiender.main - INFO - Category Router Include
2025-12-18 00:39:35,161 - pathfiender.main - INFO - Auth Router Include
2025-12-18 00:39:35,165 - pathfiender.main - INFO - User Router Include
2025-12-18 00:39:35,165 - pathfiender.main - INFO - Shop Router Include
2025-12-18 00:39:35,169 - pathfiender.main - INFO - Products Router Include
2025-12-18 00:39:35,171 - pathfiender.main - INFO - Category Router Include
2025-12-18 00:39:35,173 - pathfiender.main - INFO - Application startup complete
2025-12-18 00:40:08,668 - pathfiender.main - INFO - Application shutdown
2025-12-18 00:40:10,079 - pathfiender.main - INFO - Auth Router Include
2025-12-18 00:40:10,081 - pathfiender.main - INFO - User Router Include
2025-12-18 00:40:10,082 - pathfiender.main - INFO - Shop Router Include
2025-12-18 00:40:10,086 - pathfiender.main - INFO - Products Router Include
2025-12-18 00:40:10,089 - pathfiender.main - INFO - Category Router Include
2025-12-18 00:40:10,126 - pathfiender.main - INFO - Auth Router Include
2025-12-18 00:40:10,129 - pathfiender.main - INFO - User Router Include
2025-12-18 00:40:10,130 - pathfiender.main - INFO - Shop Router Include
2025-12-18 00:40:10,132 - pathfiender.main - INFO - Products Router Include
2025-12-18 00:40:10,135 - pathfiender.main - INFO - Category Router Include
2025-12-18 00:40:10,136 - pathfiender.main - INFO - Application startup complete
2025-12-18 00:40:18,499 - pathfiender.main - INFO - Application shutdown
2025-12-18 00:40:19,834 - pathfiender.main - INFO - Auth Router Include
2025-12-18 00:40:19,836 - pathfiender.main - INFO - User Router Include
2025-12-18 00:40:19,836 - pathfiender.main - INFO - Shop Router Include
2025-12-18 00:40:19,839 - pathfiender.main - INFO - Products Router Include
2025-12-18 00:40:19,842 - pathfiender.main - INFO - Category Router Include
2025-12-18 00:40:19,877 - pathfiender.main - INFO - Auth Router Include
2025-12-18 00:40:19,880 - pathfiender.main - INFO - User Router Include
2025-12-18 00:40:19,881 - pathfiender.main - INFO - Shop Router Include
2025-12-18 00:40:19,883 - pathfiender.main - INFO - Products Router Include
2025-12-18 00:40:19,886 - pathfiender.main - INFO - Category Router Include
2025-12-18 00:40:19,887 - pathfiender.main - INFO - Application startup complete
2025-12-18 00:40:30,195 - pathfiender.user_service - INFO - Пользователь 1 успешно удален
2025-12-18 00:41:10,949 - pathfiender.main - INFO - Application shutdown
2025-12-18 00:42:09,781 - pathfiender.main - INFO - Auth Router Include
2025-12-18 00:42:09,782 - pathfiender.main - INFO - User Router Include
2025-12-18 00:42:09,783 - pathfiender.main - INFO - Shop Router Include
2025-12-18 00:42:09,787 - pathfiender.main - INFO - Products Router Include
2025-12-18 00:42:09,790 - pathfiender.main - INFO - Category Router Include
2025-12-18 00:42:09,831 - pathfiender.main - INFO - Auth Router Include
2025-12-18 00:42:09,834 - pathfiender.main - INFO - User Router Include
2025-12-18 00:42:09,835 - pathfiender.main - INFO - Shop Router Include
2025-12-18 00:42:09,838 - pathfiender.main - INFO - Products Router Include
2025-12-18 00:42:09,841 - pathfiender.main - INFO - Category Router Include
2025-12-18 00:42:09,843 - pathfiender.main - INFO - Application startup complete
2025-12-18 00:44:35,616 - pathfiender.main - INFO - Application shutdown
2025-12-18 00:44:37,043 - pathfiender.main - INFO - Auth Router Include
2025-12-18 00:44:37,045 - pathfiender.main - INFO - User Router Include
2025-12-18 00:44:37,045 - pathfiender.main - INFO - Shop Router Include
2025-12-18 00:44:37,048 - pathfiender.main - INFO - Products Router Include
2025-12-18 00:44:37,051 - pathfiender.main - INFO - Category Router Include
2025-12-18 00:44:37,095 - pathfiender.main - INFO - Auth Router Include
2025-12-18 00:44:37,099 - pathfiender.main - INFO - User Router Include
2025-12-18 00:44:37,099 - pathfiender.main - INFO - Shop Router Include
2025-12-18 00:44:37,101 - pathfiender.main - INFO - Products Router Include
2025-12-18 00:44:37,104 - pathfiender.main - INFO - Category Router Include
2025-12-18 00:44:37,105 - pathfiender.main - INFO - Application startup complete
2025-12-18 00:45:46,326 - pathfiender.main - INFO - Application shutdown
2025-12-18 00:45:47,778 - pathfiender.main - INFO - Auth Router Include
2025-12-18 00:45:47,780 - pathfiender.main - INFO - User Router Include
2025-12-18 00:45:47,781 - pathfiender.main - INFO - Shop Router Include
2025-12-18 00:45:47,784 - pathfiender.main - INFO - Products Router Include
2025-12-18 00:45:47,788 - pathfiender.main - INFO - Category Router Include
2025-12-18 00:45:47,824 - pathfiender.main - INFO - Auth Router Include
2025-12-18 00:45:47,828 - pathfiender.main - INFO - User Router Include
2025-12-18 00:45:47,829 - pathfiender.main - INFO - Shop Router Include
2025-12-18 00:45:47,832 - pathfiender.main - INFO - Products Router Include
2025-12-18 00:45:47,835 - pathfiender.main - INFO - Category Router Include
2025-12-18 00:45:47,837 - pathfiender.main - INFO - Application startup complete
2025-12-18 00:45:54,139 - pathfiender.main - INFO - Application shutdown
2025-12-18 00:45:55,598 - pathfiender.main - INFO - Auth Router Include
2025-12-18 00:45:55,600 - pathfiender.main - INFO - User Router Include
2025-12-18 00:45:55,601 - pathfiender.main - INFO - Shop Router Include
2025-12-18 00:45:55,603 - pathfiender.main - INFO - Products Router Include
2025-12-18 00:45:55,606 - pathfiender.main - INFO - Category Router Include
2025-12-18 00:45:55,644 - pathfiender.main - INFO - Auth Router Include
2025-12-18 00:45:55,648 - pathfiender.main - INFO - User Router Include
2025-12-18 00:45:55,649 - pathfiender.main - INFO - Shop Router Include
2025-12-18 00:45:55,652 - pathfiender.main - INFO - Products Router Include
2025-12-18 00:45:55,656 - pathfiender.main - INFO - Category Router Include
2025-12-18 00:45:55,657 - pathfiender.main - INFO - Application startup complete
2025-12-18 00:45:58,259 - pathfiender.main - INFO - Application shutdown
2025-12-18 00:45:59,768 - pathfiender.main - INFO - Auth Router Include
2025-12-18 00:45:59,770 - pathfiender.main - INFO - User Router Include
2025-12-18 00:45:59,770 - pathfiender.main - INFO - Shop Router Include
2025-12-18 00:45:59,775 - pathfiender.main - INFO - Products Router Include
2025-12-18 00:45:59,778 - pathfiender.main - INFO - Category Router Include
2025-12-18 00:45:59,817 - pathfiender.main - INFO - Auth Router Include
2025-12-18 00:45:59,821 - pathfiender.main - INFO - User Router Include
2025-12-18 00:45:59,821 - pathfiender.main - INFO - Shop Router Include
2025-12-18 00:45:59,824 - pathfiender.main - INFO - Products Router Include
2025-12-18 00:45:59,827 - pathfiender.main - INFO - Category Router Include
2025-12-18 00:45:59,829 - pathfiender.main - INFO - Application startup complete
2025-12-18 00:46:07,647 - pathfiender.main - INFO - Application shutdown
2025-12-18 00:46:09,089 - pathfiender.main - INFO - Auth Router Include
2025-12-18 00:46:09,091 - pathfiender.main - INFO - User Router Include
2025-12-18 00:46:09,092 - pathfiender.main - INFO - Shop Router Include
2025-12-18 00:46:09,094 - pathfiender.main - INFO - Products Router Include
2025-12-18 00:46:09,098 - pathfiender.main - INFO - Category Router Include
2025-12-18 00:46:09,137 - pathfiender.main - INFO - Auth Router Include
2025-12-18 00:46:09,140 - pathfiender.main - INFO - User Router Include
2025-12-18 00:46:09,140 - pathfiender.main - INFO - Shop Router Include
2025-12-18 00:46:09,145 - pathfiender.main - INFO - Products Router Include
2025-12-18 00:46:09,147 - pathfiender.main - INFO - Category Router Include
2025-12-18 00:46:09,149 - pathfiender.main - INFO - Application startup complete
2025-12-18 00:46:12,075 - pathfiender.main - INFO - Application shutdown
2025-12-18 00:46:13,444 - pathfiender.main - INFO - Auth Router Include
2025-12-18 00:46:13,448 - pathfiender.main - INFO - User Router Include
2025-12-18 00:46:13,449 - pathfiender.main - INFO - Shop Router Include
2025-12-18 00:46:13,452 - pathfiender.main - INFO - Products Router Include
2025-12-18 00:46:13,456 - pathfiender.main - INFO - Category Router Include
2025-12-18 00:46:13,496 - pathfiender.main - INFO - Auth Router Include
2025-12-18 00:46:13,500 - pathfiender.main - INFO - User Router Include
2025-12-18 00:46:13,500 - pathfiender.main - INFO - Shop Router Include
2025-12-18 00:46:13,505 - pathfiender.main - INFO - Products Router Include
2025-12-18 00:46:13,508 - pathfiender.main - INFO - Category Router Include
2025-12-18 00:46:13,509 - pathfiender.main - INFO - Application startup complete
2025-12-18 00:46:18,600 - pathfiender.main - INFO - Application shutdown
2025-12-18 00:46:19,945 - pathfiender.main - INFO - Auth Router Include
2025-12-18 00:46:19,947 - pathfiender.main - INFO - User Router Include
2025-12-18 00:46:19,948 - pathfiender.main - INFO - Shop Router Include
2025-12-18 00:46:19,952 - pathfiender.main - INFO - Products Router Include
2025-12-18 00:46:19,955 - pathfiender.main - INFO - Category Router Include
2025-12-18 00:46:19,990 - pathfiender.main - INFO - Auth Router Include
2025-12-18 00:46:19,994 - pathfiender.main - INFO - User Router Include
2025-12-18 00:46:19,995 - pathfiender.main - INFO - Shop Router Include
2025-12-18 00:46:19,997 - pathfiender.main - INFO - Products Router Include
2025-12-18 00:46:20,000 - pathfiender.main - INFO - Category Router Include
2025-12-18 00:46:20,002 - pathfiender.main - INFO - Application startup complete
2025-12-18 00:46:27,071 - pathfiender.user_service - ERROR - Ожидался refresh передан access
2025-12-18 00:46:32,415 - pathfiender.main - INFO - Application shutdown
2025-12-21 18:09:09,917 - pathfiender.main - INFO - Auth Router Include
2025-12-21 18:09:09,919 - pathfiender.main - INFO - User Router Include
2025-12-21 18:09:09,920 - pathfiender.main - INFO - Shop Router Include
2025-12-21 18:09:09,922 - pathfiender.main - INFO - Products Router Include
2025-12-21 18:09:09,925 - pathfiender.main - INFO - Category Router Include
2025-12-21 18:09:10,960 - pathfiender.main - INFO - Auth Router Include
2025-12-21 18:09:10,962 - pathfiender.main - INFO - User Router Include
2025-12-21 18:09:10,962 - pathfiender.main - INFO - Shop Router Include
2025-12-21 18:09:10,965 - pathfiender.main - INFO - Products Router Include
2025-12-21 18:09:10,970 - pathfiender.main - INFO - Category Router Include
2025-12-21 18:09:11,019 - pathfiender.main - INFO - Auth Router Include
2025-12-21 18:09:11,022 - pathfiender.main - INFO - User Router Include
2025-12-21 18:09:11,022 - pathfiender.main - INFO - Shop Router Include
2025-12-21 18:09:11,024 - pathfiender.main - INFO - Products Router Include
2025-12-21 18:09:11,028 - pathfiender.main - INFO - Category Router Include
2025-12-21 18:09:11,030 - pathfiender.main - INFO - Application startup complete
2025-12-21 18:09:50,102 - pathfiender.main - INFO - Application shutdown
2025-12-21 18:09:51,568 - pathfiender.main - INFO - Auth Router Include
2025-12-21 18:09:51,571 - pathfiender.main - INFO - User Router Include
2025-12-21 18:09:51,572 - pathfiender.main - INFO - Shop Router Include
2025-12-21 18:09:51,575 - pathfiender.main - INFO - Products Router Include
2025-12-21 18:09:51,579 - pathfiender.main - INFO - Category Router Include
2025-12-21 18:09:51,618 - pathfiender.main - INFO - Auth Router Include
2025-12-21 18:09:51,622 - pathfiender.main - INFO - User Router Include
2025-12-21 18:09:51,622 - pathfiender.main - INFO - Shop Router Include
2025-12-21 18:09:51,625 - pathfiender.main - INFO - Products Router Include
2025-12-21 18:09:51,629 - pathfiender.main - INFO - Category Router Include
2025-12-21 18:09:51,631 - pathfiender.main - INFO - Application startup complete
2025-12-21 18:11:05,026 - pathfiender.main - INFO - Application shutdown
2025-12-21 18:11:06,562 - pathfiender.main - INFO - Auth Router Include
2025-12-21 18:11:06,564 - pathfiender.main - INFO - User Router Include
2025-12-21 18:11:06,565 - pathfiender.main - INFO - Shop Router Include
2025-12-21 18:11:06,569 - pathfiender.main - INFO - Products Router Include
2025-12-21 18:11:06,573 - pathfiender.main - INFO - Category Router Include
2025-12-21 18:11:06,617 - pathfiender.main - INFO - Auth Router Include
2025-12-21 18:11:06,621 - pathfiender.main - INFO - User Router Include
2025-12-21 18:11:06,622 - pathfiender.main - INFO - Shop Router Include
2025-12-21 18:11:06,624 - pathfiender.main - INFO - Products Router Include
2025-12-21 18:11:06,628 - pathfiender.main - INFO - Category Router Include
2025-12-21 18:11:06,630 - pathfiender.main - INFO - Application startup complete
2025-12-21 18:11:37,261 - pathfiender.main - INFO - Application shutdown
2025-12-21 18:11:38,520 - pathfiender.main - INFO - Auth Router Include
2025-12-21 18:11:38,522 - pathfiender.main - INFO - User Router Include
2025-12-21 18:11:38,523 - pathfiender.main - INFO - Shop Router Include
2025-12-21 18:11:38,527 - pathfiender.main - INFO - Products Router Include
2025-12-21 18:11:38,531 - pathfiender.main - INFO - Category Router Include
2025-12-21 18:11:38,573 - pathfiender.main - INFO - Auth Router Include
2025-12-21 18:11:38,578 - pathfiender.main - INFO - User Router Include
2025-12-21 18:11:38,578 - pathfiender.main - INFO - Shop Router Include
2025-12-21 18:11:38,582 - pathfiender.main - INFO - Products Router Include
2025-12-21 18:11:38,586 - pathfiender.main - INFO - Category Router Include
2025-12-21 18:11:38,588 - pathfiender.main - INFO - Application startup complete
2025-12-21 18:20:11,127 - pathfiender.main - INFO - Application shutdown
2025-12-21 18:20:42,304 - pathfiender.main - INFO - Auth Router Include
2025-12-21 18:20:42,306 - pathfiender.main - INFO - User Router Include
2025-12-21 18:20:42,307 - pathfiender.main - INFO - Shop Router Include
2025-12-21 18:20:42,310 - pathfiender.main - INFO - Products Router Include
2025-12-21 18:20:42,312 - pathfiender.main - INFO - Category Router Include
2025-12-21 18:20:42,351 - pathfiender.main - INFO - Auth Router Include
2025-12-21 18:20:42,355 - pathfiender.main - INFO - User Router Include
2025-12-21 18:20:42,356 - pathfiender.main - INFO - Shop Router Include
2025-12-21 18:20:42,359 - pathfiender.main - INFO - Products Router Include
2025-12-21 18:20:42,362 - pathfiender.main - INFO - Category Router Include
2025-12-21 18:20:42,363 - pathfiender.main - INFO - Application startup complete
2025-12-21 18:21:53,112 - pathfiender.main - INFO - Application shutdown
2025-12-21 18:21:54,303 - pathfiender.main - INFO - Auth Router Include
2025-12-21 18:21:54,306 - pathfiender.main - INFO - User Router Include
2025-12-21 18:21:54,307 - pathfiender.main - INFO - Shop Router Include
2025-12-21 18:21:54,309 - pathfiender.main - INFO - Products Router Include
2025-12-21 18:21:54,312 - pathfiender.main - INFO - Category Router Include
2025-12-21 18:21:54,344 - pathfiender.main - INFO - Auth Router Include
2025-12-21 18:21:54,348 - pathfiender.main - INFO - User Router Include
2025-12-21 18:21:54,348 - pathfiender.main - INFO - Shop Router Include
2025-12-21 18:21:54,351 - pathfiender.main - INFO - Products Router Include
2025-12-21 18:21:54,354 - pathfiender.main - INFO - Category Router Include
2025-12-21 18:21:54,355 - pathfiender.main - INFO - Application startup complete
2025-12-21 18:28:06,009 - pathfiender.main - INFO - Application shutdown
